<?xml version="1.0" encoding="utf-8"?>
<template>
	<name>entity</name>
	<filePath>/model/${moduleName}/domain</filePath>
	<fileName>${table.capitalizeClassName}.java</fileName>
	<content><![CDATA[

package model.${moduleName}.domain;


import org.jeecm.manager.common.model.BaseEntity;
import java.io.Serializable;
import java.util.Date;

import io.swagger.annotations.ApiModel;
import io.swagger.annotations.ApiModelProperty;



@ApiModel(value="${table.uncapitalizeClassName}",description="${table.comment}实体")
public class ${table.capitalizeClassName} extends BaseEntity implements Serializable{
	
	private static final long serialVersionUID = 1L;
	<#-- 生成字段属性 -->
	<#list table.genTableColumns as c>
		<#if c.comment??>
		@ApiModelProperty(value="${c.comment}",name="${c.field}")
		private ${JavaHelper.getSimpleType(c.simpleJdbcType)} ${c.field};	 
		<#else>
		@ApiModelProperty(value="${c.field}",name="${c.field}")
		private ${JavaHelper.getSimpleType(c.simpleJdbcType)} ${c.field};
	    </#if>	
	</#list>
	
	public ${table.capitalizeClassName}() {
		super();
	}
	
	public ${table.capitalizeClassName}(String id) {
		super(id);
	}


	<#-- 生成get和set方法 -->
	<#list table.genTableColumns as c>
	public ${JavaHelper.getSimpleType(c.simpleJdbcType)} get${c.field?cap_first}() {
		return ${c.field};
	}
    
	public void set${c.field?cap_first}(${JavaHelper.getSimpleType(c.simpleJdbcType)} ${c.field}) {
		this.${c.field} = ${c.field};
	}
	</#list>
}]]>
	</content>
</template>