<?xml version="1.0" encoding="utf-8"?>
<template>
	<name>entity</name>
	<filePath>/model/domain</filePath>
	<fileName>${table.capitalizeClassName}.java</fileName>
	<content><![CDATA[

package model.domain;


import org.jeecm.manager.common.model.BaseEntity;
import java.io.Serializable;
import java.util.Date;

import io.swagger.annotations.ApiModel;
import io.swagger.annotations.ApiModelProperty;



@ApiModel(value="${table.uncapitalizeClassName}",description="${table.comment}实体")
public class ${table.capitalizeClassName} extends BaseEntity implements Serializable{
	
	private static final long serialVersionUID = 1L;
	<#-- 生成字段属性 -->
	<#list table.genTableColumns as c>
		<#if c.comment??>
		@ApiModelProperty(value="${c.comment}",name="${c.simpleField}")
		private ${c.simpleType} ${c.simpleField};	 
		<#else>
		@ApiModelProperty(value="${c.simpleField}",name="${c.simpleField}")
		private ${c.simpleType} ${c.simpleField};
	    </#if>	
	</#list>
	
	public ${table.capitalizeClassName}() {
		super();
	}
	
	public ${table.capitalizeClassName}(String id) {
		super(id);
	}


	<#-- 生成get和set方法 -->
	<#list table.genTableColumns as c>
	public ${c.simpleType} get${c.simpleField?cap_first}() {
		return ${c.simpleField};
	}
    
	public void set${c.simpleField?cap_first}(${c.simpleType} ${c.simpleField}) {
		this.${c.simpleField} = ${c.simpleField};
	}
	</#list>
}]]>
	</content>
</template>