/*
 Navicat Premium Data Transfer

 Source Server         : local
 Source Server Type    : MySQL
 Source Server Version : 50641
 Source Host           : 127.0.0.1
 Source Database       : jeecf

 Target Server Type    : MySQL
 Target Server Version : 50641
 File Encoding         : utf-8

 Date: 04/21/2019 16:22:38 PM
*/

SET NAMES utf8;
SET FOREIGN_KEY_CHECKS = 0;

-- ----------------------------
--  Table structure for `customer_action_log`
-- ----------------------------
DROP TABLE IF EXISTS `customer_action_log`;
CREATE TABLE `customer_action_log` (
  `id` int(11) NOT NULL AUTO_INCREMENT COMMENT '主键',
  `ip` varchar(64) NOT NULL DEFAULT '' COMMENT '主机地址',
  `user_name` varchar(20) NOT NULL DEFAULT '' COMMENT '用户',
  `action_type` int(5) NOT NULL DEFAULT '0' COMMENT '操作类型',
  `action_data` varchar(255) NOT NULL DEFAULT '' COMMENT '行为数据',
  `remark` varchar(255) NOT NULL DEFAULT '' COMMENT '备注',
  `create_date` timestamp NOT NULL DEFAULT CURRENT_TIMESTAMP COMMENT '创建时间',
  `create_by` varchar(64) NOT NULL DEFAULT '' COMMENT '创建人',
  `update_date` timestamp NOT NULL DEFAULT CURRENT_TIMESTAMP COMMENT '更新时间',
  `update_by` varchar(64) NOT NULL DEFAULT '' COMMENT '更新人',
  PRIMARY KEY (`id`),
  KEY `idx_user_name` (`user_name`) USING BTREE,
  KEY `idx_action_type` (`action_type`) USING BTREE,
  KEY `idx_update_date` (`update_date`) USING BTREE
) ENGINE=InnoDB AUTO_INCREMENT=50 DEFAULT CHARSET=utf8mb4 COMMENT='客户日志';

-- ----------------------------
--  Table structure for `gen_field`
-- ----------------------------
DROP TABLE IF EXISTS `gen_field`;
CREATE TABLE `gen_field` (
  `id` int(11) NOT NULL AUTO_INCREMENT,
  `name` varchar(20) NOT NULL DEFAULT '' COMMENT '名称',
  `description` varchar(50) NOT NULL DEFAULT '' COMMENT '描述',
  `sys_namespace_id` int(11) NOT NULL DEFAULT '0' COMMENT '名称空间',
  `remark` varchar(255) NOT NULL DEFAULT '' COMMENT '备注',
  `create_date` datetime NOT NULL DEFAULT CURRENT_TIMESTAMP COMMENT '创建时间',
  `create_by` varchar(64) NOT NULL DEFAULT '' COMMENT '创建人',
  `update_date` datetime NOT NULL DEFAULT CURRENT_TIMESTAMP COMMENT '更新时间',
  `update_by` varchar(64) NOT NULL DEFAULT '' COMMENT '更新人',
  PRIMARY KEY (`id`),
  UNIQUE KEY `idx_name_namespace` (`name`,`sys_namespace_id`) USING BTREE,
  KEY `idx_name` (`name`) USING BTREE,
  KEY `idx_namespace_id` (`sys_namespace_id`) USING BTREE,
  KEY `idx_update_date` (`update_date`) USING BTREE
) ENGINE=InnoDB AUTO_INCREMENT=13 DEFAULT CHARSET=utf8mb4 COMMENT='生成参数';

-- ----------------------------
--  Records of `gen_field`
-- ----------------------------
BEGIN;
INSERT INTO `gen_field` VALUES ('9', 'manyData', '多数据规则例子', '1', '', '2018-11-02 15:33:18', 'be50e868ce4841ebb63bb1694b2413ef', '2018-11-10 16:42:40', 'be50e868ce4841ebb63bb1694b2413ef'), ('10', 'manyData', '参数例子', '5', '', '2018-12-02 14:05:10', 'be50e868ce4841ebb63bb1694b2413ef', '2018-12-02 14:05:10', 'be50e868ce4841ebb63bb1694b2413ef'), ('11', 'manyTable', '多表规则例子', '1', '', '2018-12-19 14:32:10', 'be50e868ce4841ebb63bb1694b2413ef', '2018-12-19 14:32:10', 'be50e868ce4841ebb63bb1694b2413ef'), ('12', 'manyTable', '参数例子', '5', '', '2018-12-21 13:13:00', 'be50e868ce4841ebb63bb1694b2413ef', '2018-12-21 13:13:00', 'be50e868ce4841ebb63bb1694b2413ef');
COMMIT;

-- ----------------------------
--  Table structure for `gen_field_column`
-- ----------------------------
DROP TABLE IF EXISTS `gen_field_column`;
CREATE TABLE `gen_field_column` (
  `id` int(11) NOT NULL AUTO_INCREMENT COMMENT '主键',
  `gen_field_id` int(11) NOT NULL DEFAULT '0' COMMENT '关联gen_field',
  `name` varchar(20) NOT NULL DEFAULT '' COMMENT '名称',
  `is_null` int(1) NOT NULL DEFAULT '0' COMMENT '是否允许为空',
  `default_value` varchar(30) NOT NULL DEFAULT '' COMMENT '默认值',
  `description` varchar(50) NOT NULL DEFAULT '' COMMENT '描述',
  `remark` varchar(255) NOT NULL DEFAULT '' COMMENT '备注',
  `create_date` datetime NOT NULL DEFAULT CURRENT_TIMESTAMP COMMENT '创建时间',
  `create_by` varchar(64) NOT NULL DEFAULT '' COMMENT '创建人',
  `update_date` datetime NOT NULL DEFAULT CURRENT_TIMESTAMP COMMENT '更新时间',
  `update_by` varchar(64) NOT NULL DEFAULT '' COMMENT '更新人',
  PRIMARY KEY (`id`),
  KEY `idx_gen_field_id` (`gen_field_id`) USING BTREE,
  KEY `idx_update_date` (`update_date`) USING BTREE
) ENGINE=InnoDB AUTO_INCREMENT=139 DEFAULT CHARSET=utf8mb4 COMMENT='生成参数列表';

-- ----------------------------
--  Records of `gen_field_column`
-- ----------------------------
BEGIN;
INSERT INTO `gen_field_column` VALUES ('127', '12', 'packageName', '1', '', '包名', '', '2019-03-07 14:03:36', 'be50e868ce4841ebb63bb1694b2413ef', '2019-03-07 14:03:36', 'be50e868ce4841ebb63bb1694b2413ef'), ('128', '12', 'filterField', '1', 'sysNamespaceId', '过滤属性', '', '2019-03-07 14:03:36', 'be50e868ce4841ebb63bb1694b2413ef', '2019-03-07 14:03:36', 'be50e868ce4841ebb63bb1694b2413ef'), ('129', '12', 'manyField', '1', 'field', '分表字段', '', '2019-03-07 14:03:36', 'be50e868ce4841ebb63bb1694b2413ef', '2019-03-07 14:03:36', 'be50e868ce4841ebb63bb1694b2413ef'), ('130', '10', 'packageName', '1', '', '包名', '', '2019-03-07 14:03:54', 'be50e868ce4841ebb63bb1694b2413ef', '2019-03-07 14:03:54', 'be50e868ce4841ebb63bb1694b2413ef'), ('131', '10', 'filterField', '1', 'sysNamespaceId', '数据过滤', '', '2019-03-07 14:03:54', 'be50e868ce4841ebb63bb1694b2413ef', '2019-03-07 14:03:54', 'be50e868ce4841ebb63bb1694b2413ef'), ('132', '10', 'groupField', '1', 'type', '分组字段', '', '2019-03-07 14:03:54', 'be50e868ce4841ebb63bb1694b2413ef', '2019-03-07 14:03:54', 'be50e868ce4841ebb63bb1694b2413ef'), ('133', '11', 'packageName', '1', '', '包名', '', '2019-03-07 14:06:17', 'be50e868ce4841ebb63bb1694b2413ef', '2019-03-07 14:06:17', 'be50e868ce4841ebb63bb1694b2413ef'), ('134', '11', 'filterField', '1', 'sysNamespaceId', '过滤属性', '', '2019-03-07 14:06:17', 'be50e868ce4841ebb63bb1694b2413ef', '2019-03-07 14:06:17', 'be50e868ce4841ebb63bb1694b2413ef'), ('135', '11', 'manyField', '1', 'field', '分表字段', '', '2019-03-07 14:06:17', 'be50e868ce4841ebb63bb1694b2413ef', '2019-03-07 14:06:17', 'be50e868ce4841ebb63bb1694b2413ef'), ('136', '9', 'packageName', '1', '', '包名', '', '2019-03-07 14:06:48', 'be50e868ce4841ebb63bb1694b2413ef', '2019-03-07 14:06:48', 'be50e868ce4841ebb63bb1694b2413ef'), ('137', '9', 'filterField', '1', 'sysNamespaceId', '数据过滤', '', '2019-03-07 14:06:48', 'be50e868ce4841ebb63bb1694b2413ef', '2019-03-07 14:06:48', 'be50e868ce4841ebb63bb1694b2413ef'), ('138', '9', 'groupField', '1', 'type', '分组字段', '', '2019-03-07 14:06:48', 'be50e868ce4841ebb63bb1694b2413ef', '2019-03-07 14:06:48', 'be50e868ce4841ebb63bb1694b2413ef');
COMMIT;

-- ----------------------------
--  Table structure for `gen_table`
-- ----------------------------
DROP TABLE IF EXISTS `gen_table`;
CREATE TABLE `gen_table` (
  `id` int(11) NOT NULL AUTO_INCREMENT COMMENT '编号',
  `name` varchar(30) COLLATE utf8_bin NOT NULL DEFAULT '' COMMENT '名称',
  `comment` varchar(50) COLLATE utf8_bin NOT NULL DEFAULT '' COMMENT '解释',
  `class_name` varchar(30) COLLATE utf8_bin NOT NULL DEFAULT '' COMMENT '实体类名称',
  `parent_table_id` varchar(20) COLLATE utf8_bin NOT NULL DEFAULT '' COMMENT '关联父表',
  `parent_table_fk` varchar(10) COLLATE utf8_bin NOT NULL DEFAULT '' COMMENT '关联父表外键',
  `sys_namespace_id` int(11) NOT NULL DEFAULT '0' COMMENT '命名空间',
  `sys_dbsource_id` int(11) NOT NULL DEFAULT '0' COMMENT '关联数据源',
  `remark` varchar(255) COLLATE utf8_bin NOT NULL DEFAULT '' COMMENT '备注信息',
  `create_by` varchar(64) COLLATE utf8_bin NOT NULL DEFAULT '' COMMENT '创建者',
  `create_date` datetime NOT NULL DEFAULT CURRENT_TIMESTAMP COMMENT '创建时间',
  `update_by` varchar(64) COLLATE utf8_bin NOT NULL DEFAULT '' COMMENT '更新者',
  `update_date` datetime NOT NULL DEFAULT CURRENT_TIMESTAMP COMMENT '更新时间',
  PRIMARY KEY (`id`),
  UNIQUE KEY `idx_name_namespace` (`name`,`sys_namespace_id`,`sys_dbsource_id`) USING BTREE,
  KEY `idx_name` (`name`) USING BTREE,
  KEY `idx_namespace_id` (`sys_namespace_id`) USING BTREE,
  KEY `idx_update_date` (`update_date`) USING BTREE
) ENGINE=InnoDB AUTO_INCREMENT=176 DEFAULT CHARSET=utf8 COLLATE=utf8_bin COMMENT='业务表';

-- ----------------------------
--  Records of `gen_table`
-- ----------------------------
BEGIN;
INSERT INTO `gen_table` VALUES ('132', 'customer_action_log', '客户日志', 'customerActionLog', '', '', '1', '2', '', 'be50e868ce4841ebb63bb1694b2413ef', '2019-01-05 12:54:25', 'be50e868ce4841ebb63bb1694b2413ef', '2019-01-07 13:22:19'), ('133', 'gen_field', '生成参数', 'genField', '', '', '1', '2', '', 'be50e868ce4841ebb63bb1694b2413ef', '2019-01-05 12:54:25', 'be50e868ce4841ebb63bb1694b2413ef', '2019-01-07 13:22:19'), ('134', 'gen_field_column', '生成参数列表', 'genFieldColumn', '', '', '1', '2', '', 'be50e868ce4841ebb63bb1694b2413ef', '2019-01-05 12:54:25', 'be50e868ce4841ebb63bb1694b2413ef', '2019-01-07 13:22:19'), ('135', 'gen_table', '业务表', 'genTable', '', '', '1', '2', '', 'be50e868ce4841ebb63bb1694b2413ef', '2019-01-05 12:54:25', 'be50e868ce4841ebb63bb1694b2413ef', '2019-01-07 13:22:19'), ('136', 'gen_table_column', '业务表字段', 'genTableColumn', '', '', '1', '2', '', 'be50e868ce4841ebb63bb1694b2413ef', '2019-01-05 12:54:25', 'be50e868ce4841ebb63bb1694b2413ef', '2019-01-07 13:22:19'), ('137', 'gen_template', '代码生成模版信息', 'genTemplate', '', '', '1', '2', '', 'be50e868ce4841ebb63bb1694b2413ef', '2019-01-05 12:54:25', 'be50e868ce4841ebb63bb1694b2413ef', '2019-01-07 13:22:19'), ('138', 'sys_dbsource', '数据库连接信息', 'sysDbsource', '', '', '1', '2', '', 'be50e868ce4841ebb63bb1694b2413ef', '2019-01-05 12:54:25', 'be50e868ce4841ebb63bb1694b2413ef', '2019-01-07 13:22:19'), ('139', 'sys_dict', '数据字典', 'sysDict', '', '', '1', '2', '', 'be50e868ce4841ebb63bb1694b2413ef', '2019-01-05 12:54:25', 'be50e868ce4841ebb63bb1694b2413ef', '2019-01-07 13:22:19'), ('140', 'sys_menu', '系统菜单', 'sysMenu', '', '', '1', '2', '', 'be50e868ce4841ebb63bb1694b2413ef', '2019-01-05 12:54:25', 'be50e868ce4841ebb63bb1694b2413ef', '2019-01-07 13:22:19'), ('141', 'sys_namespace', '系统命名空间', 'sysNamespace', '', '', '1', '2', '', 'be50e868ce4841ebb63bb1694b2413ef', '2019-01-05 12:54:25', 'be50e868ce4841ebb63bb1694b2413ef', '2019-01-07 13:22:19'), ('142', 'sys_office', '组织机构', 'sysOffice', '', '', '1', '2', '', 'be50e868ce4841ebb63bb1694b2413ef', '2019-01-05 12:54:25', 'be50e868ce4841ebb63bb1694b2413ef', '2019-01-07 13:22:19'), ('143', 'sys_power', '系统权限表', 'sysPower', '', '', '1', '2', '', 'be50e868ce4841ebb63bb1694b2413ef', '2019-01-05 12:54:25', 'be50e868ce4841ebb63bb1694b2413ef', '2019-01-07 13:22:19'), ('144', 'sys_role', '系统角色表', 'sysRole', '', '', '1', '2', '', 'be50e868ce4841ebb63bb1694b2413ef', '2019-01-05 12:54:25', 'be50e868ce4841ebb63bb1694b2413ef', '2019-01-07 13:22:19'), ('145', 'sys_role_power', '角色权限关联信息', 'sysRolePower', '', '', '1', '2', '', 'be50e868ce4841ebb63bb1694b2413ef', '2019-01-05 12:54:25', 'be50e868ce4841ebb63bb1694b2413ef', '2019-01-07 13:22:19'), ('146', 'sys_table_dict', '系统表组字典', 'sysTableDict', '', '', '1', '2', '', 'be50e868ce4841ebb63bb1694b2413ef', '2019-01-05 12:54:25', 'be50e868ce4841ebb63bb1694b2413ef', '2019-01-07 13:22:19'), ('147', 'sys_tree_dict', '树组字典', 'sysTreeDict', '', '', '1', '2', '', 'be50e868ce4841ebb63bb1694b2413ef', '2019-01-05 12:54:25', 'be50e868ce4841ebb63bb1694b2413ef', '2019-01-07 13:22:19'), ('148', 'sys_user', '系统用户表', 'sysUser', '', '', '1', '2', '', 'be50e868ce4841ebb63bb1694b2413ef', '2019-01-05 12:54:25', 'be50e868ce4841ebb63bb1694b2413ef', '2019-01-07 13:22:19'), ('149', 'sys_user_namespace', '用户命名空间 对应关系', 'sysUserNamespace', '', '', '1', '2', '', 'be50e868ce4841ebb63bb1694b2413ef', '2019-01-05 12:54:25', 'be50e868ce4841ebb63bb1694b2413ef', '2019-01-07 13:22:19'), ('150', 'sys_user_role', '系统用户角色对应表', 'sysUserRole', '', '', '1', '2', '', 'be50e868ce4841ebb63bb1694b2413ef', '2019-01-05 12:54:25', 'be50e868ce4841ebb63bb1694b2413ef', '2019-01-07 13:22:19'), ('151', 'sys_virtual_table', '虚表', 'sysVirtualTable', '', '', '1', '2', '', 'be50e868ce4841ebb63bb1694b2413ef', '2019-01-05 12:54:25', 'be50e868ce4841ebb63bb1694b2413ef', '2019-01-07 13:22:19'), ('152', 'sys_virtual_table_column', '虚表字段', 'sysVirtualTableColumn', '', '', '1', '2', '', 'be50e868ce4841ebb63bb1694b2413ef', '2019-01-05 12:54:25', 'be50e868ce4841ebb63bb1694b2413ef', '2019-01-07 13:22:19'), ('154', 'customer_action_log', '客户日志', 'customerActionLog', '', '', '5', '2', '', 'be50e868ce4841ebb63bb1694b2413ef', '2019-01-16 14:11:26', 'be50e868ce4841ebb63bb1694b2413ef', '2019-01-16 14:11:26'), ('155', 'gen_field', '生成参数', 'genField', '', '', '5', '2', '', 'be50e868ce4841ebb63bb1694b2413ef', '2019-01-16 14:11:26', 'be50e868ce4841ebb63bb1694b2413ef', '2019-01-16 14:11:26'), ('156', 'gen_field_column', '生成参数列表', 'genFieldColumn', '', '', '5', '2', '', 'be50e868ce4841ebb63bb1694b2413ef', '2019-01-16 14:11:26', 'be50e868ce4841ebb63bb1694b2413ef', '2019-01-16 14:11:26'), ('157', 'gen_table', '业务表', 'genTable', '', '', '5', '2', '', 'be50e868ce4841ebb63bb1694b2413ef', '2019-01-16 14:11:26', 'be50e868ce4841ebb63bb1694b2413ef', '2019-01-16 14:11:26'), ('158', 'gen_table_column', '业务表字段', 'genTableColumn', '', '', '5', '2', '', 'be50e868ce4841ebb63bb1694b2413ef', '2019-01-16 14:11:26', 'be50e868ce4841ebb63bb1694b2413ef', '2019-01-16 14:11:26'), ('159', 'gen_template', '代码生成模版信息', 'genTemplate', '', '', '5', '2', '', 'be50e868ce4841ebb63bb1694b2413ef', '2019-01-16 14:11:26', 'be50e868ce4841ebb63bb1694b2413ef', '2019-01-16 14:11:26'), ('160', 'sys_dbsource', '数据库连接信息', 'sysDbsource', '', '', '5', '2', '', 'be50e868ce4841ebb63bb1694b2413ef', '2019-01-16 14:11:26', 'be50e868ce4841ebb63bb1694b2413ef', '2019-01-16 14:11:26'), ('161', 'sys_dict', '数据字典', 'sysDict', '', '', '5', '2', '', 'be50e868ce4841ebb63bb1694b2413ef', '2019-01-16 14:11:26', 'be50e868ce4841ebb63bb1694b2413ef', '2019-01-16 14:11:26'), ('162', 'sys_menu', '系统菜单', 'sysMenu', '', '', '5', '2', '', 'be50e868ce4841ebb63bb1694b2413ef', '2019-01-16 14:11:26', 'be50e868ce4841ebb63bb1694b2413ef', '2019-01-16 14:11:26'), ('163', 'sys_namespace', '系统命名空间', 'sysNamespace', '', '', '5', '2', '', 'be50e868ce4841ebb63bb1694b2413ef', '2019-01-16 14:11:26', 'be50e868ce4841ebb63bb1694b2413ef', '2019-01-16 14:11:26'), ('164', 'sys_office', '组织机构', 'sysOffice', '', '', '5', '2', '', 'be50e868ce4841ebb63bb1694b2413ef', '2019-01-16 14:11:26', 'be50e868ce4841ebb63bb1694b2413ef', '2019-01-16 14:11:26'), ('165', 'sys_osgi_plugin', 'OSGI 插件管理表', 'sysOsgiPlugin', '', '', '5', '2', '', 'be50e868ce4841ebb63bb1694b2413ef', '2019-01-16 14:11:26', 'be50e868ce4841ebb63bb1694b2413ef', '2019-01-16 14:11:26'), ('166', 'sys_power', '系统权限表', 'sysPower', '', '', '5', '2', '', 'be50e868ce4841ebb63bb1694b2413ef', '2019-01-16 14:11:26', 'be50e868ce4841ebb63bb1694b2413ef', '2019-01-16 14:11:26'), ('167', 'sys_role', '系统角色表', 'sysRole', '', '', '5', '2', '', 'be50e868ce4841ebb63bb1694b2413ef', '2019-01-16 14:11:26', 'be50e868ce4841ebb63bb1694b2413ef', '2019-01-16 14:11:26'), ('168', 'sys_role_power', '角色权限关联信息', 'sysRolePower', '', '', '5', '2', '', 'be50e868ce4841ebb63bb1694b2413ef', '2019-01-16 14:11:26', 'be50e868ce4841ebb63bb1694b2413ef', '2019-01-16 14:11:26'), ('169', 'sys_table_dict', '系统表组字典', 'sysTableDict', '', '', '5', '2', '', 'be50e868ce4841ebb63bb1694b2413ef', '2019-01-16 14:11:26', 'be50e868ce4841ebb63bb1694b2413ef', '2019-01-16 14:11:26'), ('170', 'sys_tree_dict', '树组字典', 'sysTreeDict', '', '', '5', '2', '', 'be50e868ce4841ebb63bb1694b2413ef', '2019-01-16 14:11:27', 'be50e868ce4841ebb63bb1694b2413ef', '2019-01-16 14:11:27'), ('171', 'sys_user', '系统用户表', 'sysUser', '', '', '5', '2', '', 'be50e868ce4841ebb63bb1694b2413ef', '2019-01-16 14:11:27', 'be50e868ce4841ebb63bb1694b2413ef', '2019-01-16 14:11:27'), ('172', 'sys_user_namespace', '用户命名空间 对应关系', 'sysUserNamespace', '', '', '5', '2', '', 'be50e868ce4841ebb63bb1694b2413ef', '2019-01-16 14:11:27', 'be50e868ce4841ebb63bb1694b2413ef', '2019-01-16 14:11:27'), ('173', 'sys_user_role', '系统用户角色对应表', 'sysUserRole', '', '', '5', '2', '', 'be50e868ce4841ebb63bb1694b2413ef', '2019-01-16 14:11:27', 'be50e868ce4841ebb63bb1694b2413ef', '2019-01-16 14:11:27'), ('174', 'sys_virtual_table', '虚表', 'sysVirtualTable', '', '', '5', '2', '', 'be50e868ce4841ebb63bb1694b2413ef', '2019-01-16 14:11:27', 'be50e868ce4841ebb63bb1694b2413ef', '2019-01-16 14:11:27'), ('175', 'sys_virtual_table_column', '虚表字段', 'sysVirtualTableColumn', '', '', '5', '2', '', 'be50e868ce4841ebb63bb1694b2413ef', '2019-01-16 14:11:27', 'be50e868ce4841ebb63bb1694b2413ef', '2019-01-16 14:11:27');
COMMIT;

-- ----------------------------
--  Table structure for `gen_table_column`
-- ----------------------------
DROP TABLE IF EXISTS `gen_table_column`;
CREATE TABLE `gen_table_column` (
  `id` int(11) NOT NULL AUTO_INCREMENT COMMENT '主键',
  `gen_table_id` int(11) NOT NULL DEFAULT '0' COMMENT '归属表编号',
  `name` varchar(30) COLLATE utf8_bin NOT NULL DEFAULT '' COMMENT '名称',
  `comment` varchar(50) COLLATE utf8_bin NOT NULL DEFAULT '' COMMENT '解释',
  `jdbc_type` varchar(50) COLLATE utf8_bin NOT NULL DEFAULT '' COMMENT 'jdbc类型',
  `field` varchar(50) COLLATE utf8_bin NOT NULL DEFAULT '' COMMENT 'JAVA字段名',
  `is_key` int(1) NOT NULL DEFAULT '0' COMMENT '是否为主键',
  `is_null` int(1) NOT NULL DEFAULT '0' COMMENT '是否可为空',
  `is_insert` int(1) NOT NULL DEFAULT '0' COMMENT '是否为插入字段',
  `is_edit` int(1) NOT NULL DEFAULT '0' COMMENT '是否编辑字段',
  `is_list` int(1) NOT NULL DEFAULT '0' COMMENT '是否列表字段',
  `is_query` int(1) NOT NULL DEFAULT '0' COMMENT '是否查询字段',
  `query_type` int(1) NOT NULL DEFAULT '0' COMMENT '查询方式',
  `form_type` int(1) NOT NULL DEFAULT '0' COMMENT '表单类型',
  `sort` int(8) NOT NULL DEFAULT '0' COMMENT '排序',
  `remark` varchar(255) COLLATE utf8_bin NOT NULL DEFAULT '' COMMENT '备注信息',
  `create_by` varchar(64) COLLATE utf8_bin NOT NULL DEFAULT '' COMMENT '创建者',
  `create_date` datetime NOT NULL DEFAULT CURRENT_TIMESTAMP COMMENT '创建时间',
  `update_by` varchar(64) COLLATE utf8_bin NOT NULL DEFAULT '' COMMENT '更新者',
  `update_date` datetime NOT NULL DEFAULT CURRENT_TIMESTAMP COMMENT '更新时间',
  PRIMARY KEY (`id`),
  KEY `idx_table_id` (`gen_table_id`) USING BTREE,
  KEY `idx_sort` (`sort`) USING BTREE,
  KEY `idx_update_date` (`update_date`) USING BTREE
) ENGINE=InnoDB AUTO_INCREMENT=3594 DEFAULT CHARSET=utf8 COLLATE=utf8_bin COMMENT='业务表字段';

-- ----------------------------
--  Records of `gen_table_column`
-- ----------------------------
BEGIN;
INSERT INTO `gen_table_column` VALUES ('3077', '132', 'id', '主键', 'int(11)', 'id', '1', '1', '0', '0', '0', '0', '0', '0', '10', '', 'be50e868ce4841ebb63bb1694b2413ef', '2019-01-07 13:22:19', 'be50e868ce4841ebb63bb1694b2413ef', '2019-01-07 13:22:19'), ('3078', '132', 'ip', '主机地址', 'varchar(64)', 'ip', '0', '1', '0', '0', '0', '0', '0', '0', '20', '', 'be50e868ce4841ebb63bb1694b2413ef', '2019-01-07 13:22:19', 'be50e868ce4841ebb63bb1694b2413ef', '2019-01-07 13:22:19'), ('3079', '132', 'user_name', '用户', 'varchar(20)', 'userName', '0', '1', '0', '0', '0', '0', '0', '0', '30', '', 'be50e868ce4841ebb63bb1694b2413ef', '2019-01-07 13:22:19', 'be50e868ce4841ebb63bb1694b2413ef', '2019-01-07 13:22:19'), ('3080', '132', 'action_type', '操作类型', 'int(5)', 'actionType', '0', '1', '0', '0', '0', '0', '0', '0', '40', '', 'be50e868ce4841ebb63bb1694b2413ef', '2019-01-07 13:22:19', 'be50e868ce4841ebb63bb1694b2413ef', '2019-01-07 13:22:19'), ('3081', '132', 'action_data', '行为数据', 'varchar(255)', 'actionData', '0', '1', '0', '0', '0', '0', '0', '0', '50', '', 'be50e868ce4841ebb63bb1694b2413ef', '2019-01-07 13:22:19', 'be50e868ce4841ebb63bb1694b2413ef', '2019-01-07 13:22:19'), ('3082', '132', 'remark', '备注', 'varchar(255)', 'remark', '0', '1', '0', '0', '0', '0', '0', '0', '60', '', 'be50e868ce4841ebb63bb1694b2413ef', '2019-01-07 13:22:19', 'be50e868ce4841ebb63bb1694b2413ef', '2019-01-07 13:22:19'), ('3083', '132', 'create_date', '创建时间', 'timestamp', 'createDate', '0', '1', '0', '0', '0', '0', '0', '0', '70', '', 'be50e868ce4841ebb63bb1694b2413ef', '2019-01-07 13:22:19', 'be50e868ce4841ebb63bb1694b2413ef', '2019-01-07 13:22:19'), ('3084', '132', 'create_by', '创建人', 'varchar(64)', 'createBy', '0', '1', '0', '0', '0', '0', '0', '0', '80', '', 'be50e868ce4841ebb63bb1694b2413ef', '2019-01-07 13:22:19', 'be50e868ce4841ebb63bb1694b2413ef', '2019-01-07 13:22:19'), ('3085', '132', 'update_date', '更新时间', 'timestamp', 'updateDate', '0', '1', '0', '0', '0', '0', '0', '0', '90', '', 'be50e868ce4841ebb63bb1694b2413ef', '2019-01-07 13:22:19', 'be50e868ce4841ebb63bb1694b2413ef', '2019-01-07 13:22:19'), ('3086', '132', 'update_by', '更新人', 'varchar(64)', 'updateBy', '0', '1', '0', '0', '0', '0', '0', '0', '100', '', 'be50e868ce4841ebb63bb1694b2413ef', '2019-01-07 13:22:19', 'be50e868ce4841ebb63bb1694b2413ef', '2019-01-07 13:22:19'), ('3087', '133', 'id', '', 'int(11)', 'id', '1', '1', '0', '0', '0', '0', '0', '0', '10', '', 'be50e868ce4841ebb63bb1694b2413ef', '2019-01-07 13:22:19', 'be50e868ce4841ebb63bb1694b2413ef', '2019-01-07 13:22:19'), ('3088', '133', 'name', '名称', 'varchar(20)', 'name', '0', '1', '0', '0', '0', '0', '0', '0', '20', '', 'be50e868ce4841ebb63bb1694b2413ef', '2019-01-07 13:22:19', 'be50e868ce4841ebb63bb1694b2413ef', '2019-01-07 13:22:19'), ('3089', '133', 'descrition', '描述', 'varchar(50)', 'descrition', '0', '1', '0', '0', '0', '0', '0', '0', '30', '', 'be50e868ce4841ebb63bb1694b2413ef', '2019-01-07 13:22:19', 'be50e868ce4841ebb63bb1694b2413ef', '2019-01-07 13:22:19'), ('3090', '133', 'sys_namespace_id', '名称空间', 'int(11)', 'sysNamespaceId', '0', '1', '0', '0', '0', '0', '0', '0', '40', '', 'be50e868ce4841ebb63bb1694b2413ef', '2019-01-07 13:22:19', 'be50e868ce4841ebb63bb1694b2413ef', '2019-01-07 13:22:19'), ('3091', '133', 'remark', '备注', 'varchar(255)', 'remark', '0', '1', '0', '0', '0', '0', '0', '0', '50', '', 'be50e868ce4841ebb63bb1694b2413ef', '2019-01-07 13:22:19', 'be50e868ce4841ebb63bb1694b2413ef', '2019-01-07 13:22:19'), ('3092', '133', 'create_date', '创建时间', 'datetime', 'createDate', '0', '1', '0', '0', '0', '0', '0', '0', '60', '', 'be50e868ce4841ebb63bb1694b2413ef', '2019-01-07 13:22:19', 'be50e868ce4841ebb63bb1694b2413ef', '2019-01-07 13:22:19'), ('3093', '133', 'create_by', '创建人', 'varchar(64)', 'createBy', '0', '1', '0', '0', '0', '0', '0', '0', '70', '', 'be50e868ce4841ebb63bb1694b2413ef', '2019-01-07 13:22:19', 'be50e868ce4841ebb63bb1694b2413ef', '2019-01-07 13:22:19'), ('3094', '133', 'update_date', '更新时间', 'datetime', 'updateDate', '0', '1', '0', '0', '0', '0', '0', '0', '80', '', 'be50e868ce4841ebb63bb1694b2413ef', '2019-01-07 13:22:19', 'be50e868ce4841ebb63bb1694b2413ef', '2019-01-07 13:22:19'), ('3095', '133', 'update_by', '更新人', 'varchar(64)', 'updateBy', '0', '1', '0', '0', '0', '0', '0', '0', '90', '', 'be50e868ce4841ebb63bb1694b2413ef', '2019-01-07 13:22:19', 'be50e868ce4841ebb63bb1694b2413ef', '2019-01-07 13:22:19'), ('3096', '134', 'id', '主键', 'int(11)', 'id', '1', '1', '0', '0', '0', '0', '0', '0', '10', '', 'be50e868ce4841ebb63bb1694b2413ef', '2019-01-07 13:22:19', 'be50e868ce4841ebb63bb1694b2413ef', '2019-01-07 13:22:19'), ('3097', '134', 'gen_field_id', '关联gen_field', 'int(11)', 'genFieldId', '0', '1', '0', '0', '0', '0', '0', '0', '20', '', 'be50e868ce4841ebb63bb1694b2413ef', '2019-01-07 13:22:19', 'be50e868ce4841ebb63bb1694b2413ef', '2019-01-07 13:22:19'), ('3098', '134', 'name', '名称', 'varchar(20)', 'name', '0', '1', '0', '0', '0', '0', '0', '0', '30', '', 'be50e868ce4841ebb63bb1694b2413ef', '2019-01-07 13:22:19', 'be50e868ce4841ebb63bb1694b2413ef', '2019-01-07 13:22:19'), ('3099', '134', 'is_null', '是否允许为空', 'int(1)', 'isNull', '0', '1', '0', '0', '0', '0', '0', '0', '40', '', 'be50e868ce4841ebb63bb1694b2413ef', '2019-01-07 13:22:19', 'be50e868ce4841ebb63bb1694b2413ef', '2019-01-07 13:22:19'), ('3100', '134', 'default_value', '默认值', 'varchar(30)', 'defaultValue', '0', '1', '0', '0', '0', '0', '0', '0', '50', '', 'be50e868ce4841ebb63bb1694b2413ef', '2019-01-07 13:22:19', 'be50e868ce4841ebb63bb1694b2413ef', '2019-01-07 13:22:19'), ('3101', '134', 'descrition', '描述', 'varchar(50)', 'descrition', '0', '1', '0', '0', '0', '0', '0', '0', '60', '', 'be50e868ce4841ebb63bb1694b2413ef', '2019-01-07 13:22:19', 'be50e868ce4841ebb63bb1694b2413ef', '2019-01-07 13:22:19'), ('3102', '134', 'remark', '备注', 'varchar(255)', 'remark', '0', '1', '0', '0', '0', '0', '0', '0', '70', '', 'be50e868ce4841ebb63bb1694b2413ef', '2019-01-07 13:22:19', 'be50e868ce4841ebb63bb1694b2413ef', '2019-01-07 13:22:19'), ('3103', '134', 'create_date', '创建时间', 'datetime', 'createDate', '0', '1', '0', '0', '0', '0', '0', '0', '80', '', 'be50e868ce4841ebb63bb1694b2413ef', '2019-01-07 13:22:19', 'be50e868ce4841ebb63bb1694b2413ef', '2019-01-07 13:22:19'), ('3104', '134', 'create_by', '创建人', 'varchar(64)', 'createBy', '0', '1', '0', '0', '0', '0', '0', '0', '90', '', 'be50e868ce4841ebb63bb1694b2413ef', '2019-01-07 13:22:19', 'be50e868ce4841ebb63bb1694b2413ef', '2019-01-07 13:22:19'), ('3105', '134', 'update_date', '更新时间', 'datetime', 'updateDate', '0', '1', '0', '0', '0', '0', '0', '0', '100', '', 'be50e868ce4841ebb63bb1694b2413ef', '2019-01-07 13:22:19', 'be50e868ce4841ebb63bb1694b2413ef', '2019-01-07 13:22:19'), ('3106', '134', 'update_by', '更新人', 'varchar(64)', 'updateBy', '0', '1', '0', '0', '0', '0', '0', '0', '110', '', 'be50e868ce4841ebb63bb1694b2413ef', '2019-01-07 13:22:19', 'be50e868ce4841ebb63bb1694b2413ef', '2019-01-07 13:22:19'), ('3107', '135', 'id', '编号', 'int(11)', 'id', '1', '1', '0', '0', '0', '0', '0', '0', '10', '', 'be50e868ce4841ebb63bb1694b2413ef', '2019-01-07 13:22:19', 'be50e868ce4841ebb63bb1694b2413ef', '2019-01-07 13:22:19'), ('3108', '135', 'name', '名称', 'varchar(30)', 'name', '0', '1', '0', '0', '0', '0', '0', '0', '20', '', 'be50e868ce4841ebb63bb1694b2413ef', '2019-01-07 13:22:19', 'be50e868ce4841ebb63bb1694b2413ef', '2019-01-07 13:22:19'), ('3109', '135', 'comment', '解释', 'varchar(50)', 'comment', '0', '1', '0', '0', '0', '0', '0', '0', '30', '', 'be50e868ce4841ebb63bb1694b2413ef', '2019-01-07 13:22:19', 'be50e868ce4841ebb63bb1694b2413ef', '2019-01-07 13:22:19'), ('3110', '135', 'class_name', '实体类名称', 'varchar(30)', 'className', '0', '1', '0', '0', '0', '0', '0', '0', '40', '', 'be50e868ce4841ebb63bb1694b2413ef', '2019-01-07 13:22:19', 'be50e868ce4841ebb63bb1694b2413ef', '2019-01-07 13:22:19'), ('3111', '135', 'parent_table_id', '关联父表', 'varchar(20)', 'parentTableId', '0', '1', '0', '0', '0', '0', '0', '0', '50', '', 'be50e868ce4841ebb63bb1694b2413ef', '2019-01-07 13:22:19', 'be50e868ce4841ebb63bb1694b2413ef', '2019-01-07 13:22:19'), ('3112', '135', 'parent_table_fk', '关联父表外键', 'varchar(10)', 'parentTableFk', '0', '1', '0', '0', '0', '0', '0', '0', '60', '', 'be50e868ce4841ebb63bb1694b2413ef', '2019-01-07 13:22:19', 'be50e868ce4841ebb63bb1694b2413ef', '2019-01-07 13:22:19'), ('3113', '135', 'sys_namespace_id', '命名空间', 'int(11)', 'sysNamespaceId', '0', '1', '0', '0', '0', '0', '0', '0', '70', '', 'be50e868ce4841ebb63bb1694b2413ef', '2019-01-07 13:22:19', 'be50e868ce4841ebb63bb1694b2413ef', '2019-01-07 13:22:19'), ('3114', '135', 'sys_dbsource_id', '关联数据源', 'int(11)', 'sysDbsourceId', '0', '1', '0', '0', '0', '0', '0', '0', '80', '', 'be50e868ce4841ebb63bb1694b2413ef', '2019-01-07 13:22:19', 'be50e868ce4841ebb63bb1694b2413ef', '2019-01-07 13:22:19'), ('3115', '135', 'remark', '备注信息', 'varchar(255)', 'remark', '0', '1', '0', '0', '0', '0', '0', '0', '90', '', 'be50e868ce4841ebb63bb1694b2413ef', '2019-01-07 13:22:19', 'be50e868ce4841ebb63bb1694b2413ef', '2019-01-07 13:22:19'), ('3116', '135', 'create_by', '创建者', 'varchar(64)', 'createBy', '0', '1', '0', '0', '0', '0', '0', '0', '100', '', 'be50e868ce4841ebb63bb1694b2413ef', '2019-01-07 13:22:19', 'be50e868ce4841ebb63bb1694b2413ef', '2019-01-07 13:22:19'), ('3117', '135', 'create_date', '创建时间', 'datetime', 'createDate', '0', '1', '0', '0', '0', '0', '0', '0', '110', '', 'be50e868ce4841ebb63bb1694b2413ef', '2019-01-07 13:22:19', 'be50e868ce4841ebb63bb1694b2413ef', '2019-01-07 13:22:19'), ('3118', '135', 'update_by', '更新者', 'varchar(64)', 'updateBy', '0', '1', '0', '0', '0', '0', '0', '0', '120', '', 'be50e868ce4841ebb63bb1694b2413ef', '2019-01-07 13:22:19', 'be50e868ce4841ebb63bb1694b2413ef', '2019-01-07 13:22:19'), ('3119', '135', 'update_date', '更新时间', 'datetime', 'updateDate', '0', '1', '0', '0', '0', '0', '0', '0', '130', '', 'be50e868ce4841ebb63bb1694b2413ef', '2019-01-07 13:22:19', 'be50e868ce4841ebb63bb1694b2413ef', '2019-01-07 13:22:19'), ('3120', '136', 'id', '主键', 'int(11)', 'id', '1', '1', '0', '0', '0', '0', '0', '0', '10', '', 'be50e868ce4841ebb63bb1694b2413ef', '2019-01-07 13:22:19', 'be50e868ce4841ebb63bb1694b2413ef', '2019-01-07 13:22:19'), ('3121', '136', 'gen_table_id', '归属表编号', 'int(11)', 'genTableId', '0', '1', '0', '0', '0', '0', '0', '0', '20', '', 'be50e868ce4841ebb63bb1694b2413ef', '2019-01-07 13:22:19', 'be50e868ce4841ebb63bb1694b2413ef', '2019-01-07 13:22:19'), ('3122', '136', 'name', '名称', 'varchar(30)', 'name', '0', '1', '0', '0', '0', '0', '0', '0', '30', '', 'be50e868ce4841ebb63bb1694b2413ef', '2019-01-07 13:22:19', 'be50e868ce4841ebb63bb1694b2413ef', '2019-01-07 13:22:19'), ('3123', '136', 'comment', '解释', 'varchar(50)', 'comment', '0', '1', '0', '0', '0', '0', '0', '0', '40', '', 'be50e868ce4841ebb63bb1694b2413ef', '2019-01-07 13:22:19', 'be50e868ce4841ebb63bb1694b2413ef', '2019-01-07 13:22:19'), ('3124', '136', 'jdbc_type', 'jdbc类型', 'varchar(50)', 'jdbcType', '0', '1', '0', '0', '0', '0', '0', '0', '50', '', 'be50e868ce4841ebb63bb1694b2413ef', '2019-01-07 13:22:19', 'be50e868ce4841ebb63bb1694b2413ef', '2019-01-07 13:22:19'), ('3125', '136', 'field', 'JAVA字段名', 'varchar(50)', 'field', '0', '1', '0', '0', '0', '0', '0', '0', '60', '', 'be50e868ce4841ebb63bb1694b2413ef', '2019-01-07 13:22:19', 'be50e868ce4841ebb63bb1694b2413ef', '2019-01-07 13:22:19'), ('3126', '136', 'is_key', '是否为主键', 'int(1)', 'isKey', '0', '1', '0', '0', '0', '0', '0', '0', '70', '', 'be50e868ce4841ebb63bb1694b2413ef', '2019-01-07 13:22:19', 'be50e868ce4841ebb63bb1694b2413ef', '2019-01-07 13:22:19'), ('3127', '136', 'is_null', '是否可为空', 'int(1)', 'isNull', '0', '1', '0', '0', '0', '0', '0', '0', '80', '', 'be50e868ce4841ebb63bb1694b2413ef', '2019-01-07 13:22:19', 'be50e868ce4841ebb63bb1694b2413ef', '2019-01-07 13:22:19'), ('3128', '136', 'is_insert', '是否为插入字段', 'int(1)', 'isInsert', '0', '1', '0', '0', '0', '0', '0', '0', '90', '', 'be50e868ce4841ebb63bb1694b2413ef', '2019-01-07 13:22:19', 'be50e868ce4841ebb63bb1694b2413ef', '2019-01-07 13:22:19'), ('3129', '136', 'is_edit', '是否编辑字段', 'int(1)', 'isEdit', '0', '1', '0', '0', '0', '0', '0', '0', '100', '', 'be50e868ce4841ebb63bb1694b2413ef', '2019-01-07 13:22:19', 'be50e868ce4841ebb63bb1694b2413ef', '2019-01-07 13:22:19'), ('3130', '136', 'is_list', '是否列表字段', 'int(1)', 'isList', '0', '1', '0', '0', '0', '0', '0', '0', '110', '', 'be50e868ce4841ebb63bb1694b2413ef', '2019-01-07 13:22:19', 'be50e868ce4841ebb63bb1694b2413ef', '2019-01-07 13:22:19'), ('3131', '136', 'is_query', '是否查询字段', 'int(1)', 'isQuery', '0', '1', '0', '0', '0', '0', '0', '0', '120', '', 'be50e868ce4841ebb63bb1694b2413ef', '2019-01-07 13:22:19', 'be50e868ce4841ebb63bb1694b2413ef', '2019-01-07 13:22:19'), ('3132', '136', 'query_type', '查询方式', 'int(1)', 'queryType', '0', '1', '0', '0', '0', '0', '0', '0', '130', '', 'be50e868ce4841ebb63bb1694b2413ef', '2019-01-07 13:22:19', 'be50e868ce4841ebb63bb1694b2413ef', '2019-01-07 13:22:19'), ('3133', '136', 'form_type', '表单类型', 'int(1)', 'formType', '0', '1', '0', '0', '0', '0', '0', '0', '140', '', 'be50e868ce4841ebb63bb1694b2413ef', '2019-01-07 13:22:19', 'be50e868ce4841ebb63bb1694b2413ef', '2019-01-07 13:22:19'), ('3134', '136', 'sort', '排序', 'int(8)', 'sort', '0', '1', '0', '0', '0', '0', '0', '0', '150', '', 'be50e868ce4841ebb63bb1694b2413ef', '2019-01-07 13:22:19', 'be50e868ce4841ebb63bb1694b2413ef', '2019-01-07 13:22:19'), ('3135', '136', 'remark', '备注信息', 'varchar(255)', 'remark', '0', '1', '0', '0', '0', '0', '0', '0', '160', '', 'be50e868ce4841ebb63bb1694b2413ef', '2019-01-07 13:22:19', 'be50e868ce4841ebb63bb1694b2413ef', '2019-01-07 13:22:19'), ('3136', '136', 'create_by', '创建者', 'varchar(64)', 'createBy', '0', '1', '0', '0', '0', '0', '0', '0', '170', '', 'be50e868ce4841ebb63bb1694b2413ef', '2019-01-07 13:22:19', 'be50e868ce4841ebb63bb1694b2413ef', '2019-01-07 13:22:19'), ('3137', '136', 'create_date', '创建时间', 'datetime', 'createDate', '0', '1', '0', '0', '0', '0', '0', '0', '180', '', 'be50e868ce4841ebb63bb1694b2413ef', '2019-01-07 13:22:19', 'be50e868ce4841ebb63bb1694b2413ef', '2019-01-07 13:22:19'), ('3138', '136', 'update_by', '更新者', 'varchar(64)', 'updateBy', '0', '1', '0', '0', '0', '0', '0', '0', '190', '', 'be50e868ce4841ebb63bb1694b2413ef', '2019-01-07 13:22:19', 'be50e868ce4841ebb63bb1694b2413ef', '2019-01-07 13:22:19'), ('3139', '136', 'update_date', '更新时间', 'datetime', 'updateDate', '0', '1', '0', '0', '0', '0', '0', '0', '200', '', 'be50e868ce4841ebb63bb1694b2413ef', '2019-01-07 13:22:19', 'be50e868ce4841ebb63bb1694b2413ef', '2019-01-07 13:22:19'), ('3140', '137', 'id', '主键', 'int(11)', 'id', '1', '1', '0', '0', '0', '0', '0', '0', '10', '', 'be50e868ce4841ebb63bb1694b2413ef', '2019-01-07 13:22:19', 'be50e868ce4841ebb63bb1694b2413ef', '2019-01-07 13:22:19'), ('3141', '137', 'name', '名称', 'varchar(20)', 'name', '0', '1', '0', '0', '0', '0', '0', '0', '20', '', 'be50e868ce4841ebb63bb1694b2413ef', '2019-01-07 13:22:19', 'be50e868ce4841ebb63bb1694b2413ef', '2019-01-07 13:22:19'), ('3142', '137', 'sys_namespace_id', '所属命名空间', 'int(11)', 'sysNamespaceId', '0', '1', '0', '0', '0', '0', '0', '0', '30', '', 'be50e868ce4841ebb63bb1694b2413ef', '2019-01-07 13:22:19', 'be50e868ce4841ebb63bb1694b2413ef', '2019-01-07 13:22:19'), ('3143', '137', 'language', '语言', 'int(1)', 'language', '0', '1', '0', '0', '0', '0', '0', '0', '40', '', 'be50e868ce4841ebb63bb1694b2413ef', '2019-01-07 13:22:19', 'be50e868ce4841ebb63bb1694b2413ef', '2019-01-07 13:22:19'), ('3144', '137', 'gen_field_id', '关联gen_field', 'int(11)', 'genFieldId', '0', '1', '0', '0', '0', '0', '0', '0', '50', '', 'be50e868ce4841ebb63bb1694b2413ef', '2019-01-07 13:22:19', 'be50e868ce4841ebb63bb1694b2413ef', '2019-01-07 13:22:19'), ('3145', '137', 'file_base_path', '模版文件基础路径', 'varchar(100)', 'fileBasePath', '0', '1', '0', '0', '0', '0', '0', '0', '60', '', 'be50e868ce4841ebb63bb1694b2413ef', '2019-01-07 13:22:19', 'be50e868ce4841ebb63bb1694b2413ef', '2019-01-07 13:22:19'), ('3146', '137', 'wiki_uri', 'wiki地址', 'varchar(100)', 'wikiUri', '0', '1', '0', '0', '0', '0', '0', '0', '70', '', 'be50e868ce4841ebb63bb1694b2413ef', '2019-01-07 13:22:19', 'be50e868ce4841ebb63bb1694b2413ef', '2019-01-07 13:22:19'), ('3147', '137', 'descrition', '描述', 'varchar(50)', 'descrition', '0', '1', '0', '0', '0', '0', '0', '0', '80', '', 'be50e868ce4841ebb63bb1694b2413ef', '2019-01-07 13:22:19', 'be50e868ce4841ebb63bb1694b2413ef', '2019-01-07 13:22:19'), ('3148', '137', 'remark', '备注', 'varchar(255)', 'remark', '0', '1', '0', '0', '0', '0', '0', '0', '90', '', 'be50e868ce4841ebb63bb1694b2413ef', '2019-01-07 13:22:19', 'be50e868ce4841ebb63bb1694b2413ef', '2019-01-07 13:22:19'), ('3149', '137', 'create_date', '创建时间', 'datetime', 'createDate', '0', '1', '0', '0', '0', '0', '0', '0', '100', '', 'be50e868ce4841ebb63bb1694b2413ef', '2019-01-07 13:22:19', 'be50e868ce4841ebb63bb1694b2413ef', '2019-01-07 13:22:19'), ('3150', '137', 'create_by', '创建人', 'varchar(64)', 'createBy', '0', '1', '0', '0', '0', '0', '0', '0', '110', '', 'be50e868ce4841ebb63bb1694b2413ef', '2019-01-07 13:22:19', 'be50e868ce4841ebb63bb1694b2413ef', '2019-01-07 13:22:19'), ('3151', '137', 'update_date', '更新时间', 'datetime', 'updateDate', '0', '1', '0', '0', '0', '0', '0', '0', '120', '', 'be50e868ce4841ebb63bb1694b2413ef', '2019-01-07 13:22:19', 'be50e868ce4841ebb63bb1694b2413ef', '2019-01-07 13:22:19'), ('3152', '137', 'update_by', '更新人', 'varchar(64)', 'updateBy', '0', '1', '0', '0', '0', '0', '0', '0', '130', '', 'be50e868ce4841ebb63bb1694b2413ef', '2019-01-07 13:22:19', 'be50e868ce4841ebb63bb1694b2413ef', '2019-01-07 13:22:19'), ('3153', '138', 'id', '主键', 'int(11)', 'id', '1', '1', '0', '0', '0', '0', '0', '0', '10', '', 'be50e868ce4841ebb63bb1694b2413ef', '2019-01-07 13:22:19', 'be50e868ce4841ebb63bb1694b2413ef', '2019-01-07 13:22:19'), ('3154', '138', 'key_name', '关键字', 'varchar(20)', 'keyName', '0', '1', '0', '0', '0', '0', '0', '0', '20', '', 'be50e868ce4841ebb63bb1694b2413ef', '2019-01-07 13:22:19', 'be50e868ce4841ebb63bb1694b2413ef', '2019-01-07 13:22:19'), ('3155', '138', 'url', '连接串', 'varchar(150)', 'url', '0', '1', '0', '0', '0', '0', '0', '0', '30', '', 'be50e868ce4841ebb63bb1694b2413ef', '2019-01-07 13:22:19', 'be50e868ce4841ebb63bb1694b2413ef', '2019-01-07 13:22:19'), ('3156', '138', 'user_name', '用户名', 'varchar(20)', 'userName', '0', '1', '0', '0', '0', '0', '0', '0', '40', '', 'be50e868ce4841ebb63bb1694b2413ef', '2019-01-07 13:22:19', 'be50e868ce4841ebb63bb1694b2413ef', '2019-01-07 13:22:19'), ('3157', '138', 'password', '密码', 'varchar(64)', 'password', '0', '1', '0', '0', '0', '0', '0', '0', '50', '', 'be50e868ce4841ebb63bb1694b2413ef', '2019-01-07 13:22:19', 'be50e868ce4841ebb63bb1694b2413ef', '2019-01-07 13:22:19'), ('3158', '138', 'permission', '权限控制', 'varchar(50)', 'permission', '0', '1', '0', '0', '0', '0', '0', '0', '60', '', 'be50e868ce4841ebb63bb1694b2413ef', '2019-01-07 13:22:19', 'be50e868ce4841ebb63bb1694b2413ef', '2019-01-07 13:22:19'), ('3159', '138', 'Usable', '是否可用 1.可用 2.不可用', 'int(1)', 'usable', '0', '1', '0', '0', '0', '0', '0', '0', '70', '', 'be50e868ce4841ebb63bb1694b2413ef', '2019-01-07 13:22:19', 'be50e868ce4841ebb63bb1694b2413ef', '2019-01-07 13:22:19'), ('3160', '138', 'remark', '备注', 'varchar(255)', 'remark', '0', '1', '0', '0', '0', '0', '0', '0', '80', '', 'be50e868ce4841ebb63bb1694b2413ef', '2019-01-07 13:22:19', 'be50e868ce4841ebb63bb1694b2413ef', '2019-01-07 13:22:19'), ('3161', '138', 'del_flag', '逻辑删除', 'int(1)', 'delFlag', '0', '1', '0', '0', '0', '0', '0', '0', '90', '', 'be50e868ce4841ebb63bb1694b2413ef', '2019-01-07 13:22:19', 'be50e868ce4841ebb63bb1694b2413ef', '2019-01-07 13:22:19'), ('3162', '138', 'create_date', '创建时间', 'datetime', 'createDate', '0', '1', '0', '0', '0', '0', '0', '0', '100', '', 'be50e868ce4841ebb63bb1694b2413ef', '2019-01-07 13:22:19', 'be50e868ce4841ebb63bb1694b2413ef', '2019-01-07 13:22:19'), ('3163', '138', 'create_by', '创建人', 'varchar(64)', 'createBy', '0', '1', '0', '0', '0', '0', '0', '0', '110', '', 'be50e868ce4841ebb63bb1694b2413ef', '2019-01-07 13:22:19', 'be50e868ce4841ebb63bb1694b2413ef', '2019-01-07 13:22:19'), ('3164', '138', 'update_date', '更新时间', 'datetime', 'updateDate', '0', '1', '0', '0', '0', '0', '0', '0', '120', '', 'be50e868ce4841ebb63bb1694b2413ef', '2019-01-07 13:22:19', 'be50e868ce4841ebb63bb1694b2413ef', '2019-01-07 13:22:19'), ('3165', '138', 'update_by', '更新人', 'varchar(64)', 'updateBy', '0', '1', '0', '0', '0', '0', '0', '0', '130', '', 'be50e868ce4841ebb63bb1694b2413ef', '2019-01-07 13:22:19', 'be50e868ce4841ebb63bb1694b2413ef', '2019-01-07 13:22:19'), ('3166', '139', 'id', '主键', 'int(11)', 'id', '1', '1', '0', '0', '0', '0', '0', '0', '10', '', 'be50e868ce4841ebb63bb1694b2413ef', '2019-01-07 13:22:19', 'be50e868ce4841ebb63bb1694b2413ef', '2019-01-07 13:22:19'), ('3167', '139', 'type', '类型', 'varchar(50)', 'type', '0', '1', '0', '0', '0', '0', '0', '0', '20', '', 'be50e868ce4841ebb63bb1694b2413ef', '2019-01-07 13:22:19', 'be50e868ce4841ebb63bb1694b2413ef', '2019-01-07 13:22:19'), ('3168', '139', 'name', '名称', 'varchar(20)', 'name', '0', '1', '0', '0', '0', '0', '0', '0', '30', '', 'be50e868ce4841ebb63bb1694b2413ef', '2019-01-07 13:22:19', 'be50e868ce4841ebb63bb1694b2413ef', '2019-01-07 13:22:19'), ('3169', '139', 'label', '标签', 'varchar(20)', 'label', '0', '1', '0', '0', '0', '0', '0', '0', '40', '', 'be50e868ce4841ebb63bb1694b2413ef', '2019-01-07 13:22:19', 'be50e868ce4841ebb63bb1694b2413ef', '2019-01-07 13:22:19'), ('3170', '139', 'value', '值', 'int(5)', 'value', '0', '1', '0', '0', '0', '0', '0', '0', '50', '', 'be50e868ce4841ebb63bb1694b2413ef', '2019-01-07 13:22:19', 'be50e868ce4841ebb63bb1694b2413ef', '2019-01-07 13:22:19'), ('3171', '139', 'description', '描述', 'varchar(50)', 'description', '0', '1', '0', '0', '0', '0', '0', '0', '60', '', 'be50e868ce4841ebb63bb1694b2413ef', '2019-01-07 13:22:19', 'be50e868ce4841ebb63bb1694b2413ef', '2019-01-07 13:22:19'), ('3172', '139', 'sys_namespace_id', '关联命名空间', 'int(11)', 'sysNamespaceId', '0', '1', '0', '0', '0', '0', '0', '0', '70', '', 'be50e868ce4841ebb63bb1694b2413ef', '2019-01-07 13:22:19', 'be50e868ce4841ebb63bb1694b2413ef', '2019-01-07 13:22:19'), ('3173', '139', 'remark', '备注', 'varchar(255)', 'remark', '0', '1', '0', '0', '0', '0', '0', '0', '80', '', 'be50e868ce4841ebb63bb1694b2413ef', '2019-01-07 13:22:19', 'be50e868ce4841ebb63bb1694b2413ef', '2019-01-07 13:22:19'), ('3174', '139', 'create_by', '创建人', 'varchar(64)', 'createBy', '0', '1', '0', '0', '0', '0', '0', '0', '90', '', 'be50e868ce4841ebb63bb1694b2413ef', '2019-01-07 13:22:19', 'be50e868ce4841ebb63bb1694b2413ef', '2019-01-07 13:22:19'), ('3175', '139', 'create_date', '创建时间', 'datetime', 'createDate', '0', '1', '0', '0', '0', '0', '0', '0', '100', '', 'be50e868ce4841ebb63bb1694b2413ef', '2019-01-07 13:22:19', 'be50e868ce4841ebb63bb1694b2413ef', '2019-01-07 13:22:19'), ('3176', '139', 'update_by', '更新人', 'varchar(64)', 'updateBy', '0', '1', '0', '0', '0', '0', '0', '0', '110', '', 'be50e868ce4841ebb63bb1694b2413ef', '2019-01-07 13:22:19', 'be50e868ce4841ebb63bb1694b2413ef', '2019-01-07 13:22:19'), ('3177', '139', 'update_date', '更新时间', 'datetime', 'updateDate', '0', '1', '0', '0', '0', '0', '0', '0', '120', '', 'be50e868ce4841ebb63bb1694b2413ef', '2019-01-07 13:22:19', 'be50e868ce4841ebb63bb1694b2413ef', '2019-01-07 13:22:19'), ('3178', '140', 'id', '索引', 'int(11)', 'id', '1', '1', '0', '0', '0', '0', '0', '0', '10', '', 'be50e868ce4841ebb63bb1694b2413ef', '2019-01-07 13:22:19', 'be50e868ce4841ebb63bb1694b2413ef', '2019-01-07 13:22:19'), ('3179', '140', 'name', '菜单名', 'varchar(20)', 'name', '0', '1', '0', '0', '0', '0', '0', '0', '20', '', 'be50e868ce4841ebb63bb1694b2413ef', '2019-01-07 13:22:19', 'be50e868ce4841ebb63bb1694b2413ef', '2019-01-07 13:22:19'), ('3180', '140', 'label', '标签', 'varchar(20)', 'label', '0', '1', '0', '0', '0', '0', '0', '0', '30', '', 'be50e868ce4841ebb63bb1694b2413ef', '2019-01-07 13:22:19', 'be50e868ce4841ebb63bb1694b2413ef', '2019-01-07 13:22:19'), ('3181', '140', 'parent_id', '父菜单索引', 'varchar(11)', 'parentId', '0', '1', '0', '0', '0', '0', '0', '0', '40', '', 'be50e868ce4841ebb63bb1694b2413ef', '2019-01-07 13:22:19', 'be50e868ce4841ebb63bb1694b2413ef', '2019-01-07 13:22:19'), ('3182', '140', 'parent_ids', '所有父菜单索引', 'varchar(255)', 'parentIds', '0', '1', '0', '0', '0', '0', '0', '0', '50', '', 'be50e868ce4841ebb63bb1694b2413ef', '2019-01-07 13:22:19', 'be50e868ce4841ebb63bb1694b2413ef', '2019-01-07 13:22:19'), ('3183', '140', 'level', '菜单等级', 'int(5)', 'level', '0', '1', '0', '0', '0', '0', '0', '0', '60', '', 'be50e868ce4841ebb63bb1694b2413ef', '2019-01-07 13:22:19', 'be50e868ce4841ebb63bb1694b2413ef', '2019-01-07 13:22:19'), ('3184', '140', 'module_label', '模块菜单标签', 'varchar(20)', 'moduleLabel', '0', '1', '0', '0', '0', '0', '0', '0', '70', '', 'be50e868ce4841ebb63bb1694b2413ef', '2019-01-07 13:22:19', 'be50e868ce4841ebb63bb1694b2413ef', '2019-01-07 13:22:19'), ('3185', '140', 'sort', '排序', 'int(8)', 'sort', '0', '1', '0', '0', '0', '0', '0', '0', '80', '', 'be50e868ce4841ebb63bb1694b2413ef', '2019-01-07 13:22:19', 'be50e868ce4841ebb63bb1694b2413ef', '2019-01-07 13:22:19'), ('3186', '140', 'route', '路由', 'int(1)', 'route', '0', '1', '0', '0', '0', '0', '0', '0', '90', '', 'be50e868ce4841ebb63bb1694b2413ef', '2019-01-07 13:22:19', 'be50e868ce4841ebb63bb1694b2413ef', '2019-01-07 13:22:19'), ('3187', '140', 'permission', '权限', 'varchar(50)', 'permission', '0', '1', '0', '0', '0', '0', '0', '0', '100', '', 'be50e868ce4841ebb63bb1694b2413ef', '2019-01-07 13:22:19', 'be50e868ce4841ebb63bb1694b2413ef', '2019-01-07 13:22:19'), ('3188', '140', 'icon', '图标标识', 'varchar(255)', 'icon', '0', '1', '0', '0', '0', '0', '0', '0', '110', '', 'be50e868ce4841ebb63bb1694b2413ef', '2019-01-07 13:22:19', 'be50e868ce4841ebb63bb1694b2413ef', '2019-01-07 13:22:19'), ('3189', '140', 'is_icon', '是否显示图标', 'int(1)', 'isIcon', '0', '1', '0', '0', '0', '0', '0', '0', '120', '', 'be50e868ce4841ebb63bb1694b2413ef', '2019-01-07 13:22:19', 'be50e868ce4841ebb63bb1694b2413ef', '2019-01-07 13:22:19'), ('3190', '140', 'remark', '备注', 'varchar(255)', 'remark', '0', '1', '0', '0', '0', '0', '0', '0', '130', '', 'be50e868ce4841ebb63bb1694b2413ef', '2019-01-07 13:22:19', 'be50e868ce4841ebb63bb1694b2413ef', '2019-01-07 13:22:19'), ('3191', '140', 'create_by', '创建人', 'varchar(64)', 'createBy', '0', '1', '0', '0', '0', '0', '0', '0', '140', '', 'be50e868ce4841ebb63bb1694b2413ef', '2019-01-07 13:22:19', 'be50e868ce4841ebb63bb1694b2413ef', '2019-01-07 13:22:19'), ('3192', '140', 'create_date', '创建时间', 'datetime', 'createDate', '0', '1', '0', '0', '0', '0', '0', '0', '150', '', 'be50e868ce4841ebb63bb1694b2413ef', '2019-01-07 13:22:19', 'be50e868ce4841ebb63bb1694b2413ef', '2019-01-07 13:22:19'), ('3193', '140', 'update_by', '更新人', 'varchar(64)', 'updateBy', '0', '1', '0', '0', '0', '0', '0', '0', '160', '', 'be50e868ce4841ebb63bb1694b2413ef', '2019-01-07 13:22:19', 'be50e868ce4841ebb63bb1694b2413ef', '2019-01-07 13:22:19'), ('3194', '140', 'update_date', '更新时间', 'datetime', 'updateDate', '0', '1', '0', '0', '0', '0', '0', '0', '170', '', 'be50e868ce4841ebb63bb1694b2413ef', '2019-01-07 13:22:19', 'be50e868ce4841ebb63bb1694b2413ef', '2019-01-07 13:22:19'), ('3195', '141', 'id', '主键', 'int(11)', 'id', '1', '1', '0', '0', '0', '0', '0', '0', '10', '', 'be50e868ce4841ebb63bb1694b2413ef', '2019-01-07 13:22:19', 'be50e868ce4841ebb63bb1694b2413ef', '2019-01-07 13:22:19'), ('3196', '141', 'name', '名称', 'varchar(20)', 'name', '0', '1', '0', '0', '0', '0', '0', '0', '20', '', 'be50e868ce4841ebb63bb1694b2413ef', '2019-01-07 13:22:19', 'be50e868ce4841ebb63bb1694b2413ef', '2019-01-07 13:22:19'), ('3197', '141', 'description', '描述', 'varchar(50)', 'description', '0', '1', '0', '0', '0', '0', '0', '0', '30', '', 'be50e868ce4841ebb63bb1694b2413ef', '2019-01-07 13:22:19', 'be50e868ce4841ebb63bb1694b2413ef', '2019-01-07 13:22:19'), ('3198', '141', 'permission', '权限', 'varchar(50)', 'permission', '0', '1', '0', '0', '0', '0', '0', '0', '40', '', 'be50e868ce4841ebb63bb1694b2413ef', '2019-01-07 13:22:19', 'be50e868ce4841ebb63bb1694b2413ef', '2019-01-07 13:22:19'), ('3199', '141', 'remark', '备注', 'varchar(255)', 'remark', '0', '1', '0', '0', '0', '0', '0', '0', '50', '', 'be50e868ce4841ebb63bb1694b2413ef', '2019-01-07 13:22:19', 'be50e868ce4841ebb63bb1694b2413ef', '2019-01-07 13:22:19'), ('3200', '141', 'del_flag', '逻辑删除', 'int(1)', 'delFlag', '0', '1', '0', '0', '0', '0', '0', '0', '60', '', 'be50e868ce4841ebb63bb1694b2413ef', '2019-01-07 13:22:19', 'be50e868ce4841ebb63bb1694b2413ef', '2019-01-07 13:22:19'), ('3201', '141', 'create_date', '创建时间', 'datetime', 'createDate', '0', '1', '0', '0', '0', '0', '0', '0', '70', '', 'be50e868ce4841ebb63bb1694b2413ef', '2019-01-07 13:22:19', 'be50e868ce4841ebb63bb1694b2413ef', '2019-01-07 13:22:19'), ('3202', '141', 'create_by', '创建人', 'varchar(64)', 'createBy', '0', '1', '0', '0', '0', '0', '0', '0', '80', '', 'be50e868ce4841ebb63bb1694b2413ef', '2019-01-07 13:22:19', 'be50e868ce4841ebb63bb1694b2413ef', '2019-01-07 13:22:19'), ('3203', '141', 'update_date', '更新时间', 'datetime', 'updateDate', '0', '1', '0', '0', '0', '0', '0', '0', '90', '', 'be50e868ce4841ebb63bb1694b2413ef', '2019-01-07 13:22:19', 'be50e868ce4841ebb63bb1694b2413ef', '2019-01-07 13:22:19'), ('3204', '141', 'update_by', '更新人', 'varchar(64)', 'updateBy', '0', '1', '0', '0', '0', '0', '0', '0', '100', '', 'be50e868ce4841ebb63bb1694b2413ef', '2019-01-07 13:22:19', 'be50e868ce4841ebb63bb1694b2413ef', '2019-01-07 13:22:19'), ('3205', '142', 'id', '主键', 'int(11)', 'id', '1', '1', '0', '0', '0', '0', '0', '0', '10', '', 'be50e868ce4841ebb63bb1694b2413ef', '2019-01-07 13:22:19', 'be50e868ce4841ebb63bb1694b2413ef', '2019-01-07 13:22:19'), ('3206', '142', 'name', '名称', 'varchar(20)', 'name', '0', '1', '0', '0', '0', '0', '0', '0', '20', '', 'be50e868ce4841ebb63bb1694b2413ef', '2019-01-07 13:22:19', 'be50e868ce4841ebb63bb1694b2413ef', '2019-01-07 13:22:19'), ('3207', '142', 'enname', '英文名称', 'varchar(20)', 'enname', '0', '1', '0', '0', '0', '0', '0', '0', '30', '', 'be50e868ce4841ebb63bb1694b2413ef', '2019-01-07 13:22:19', 'be50e868ce4841ebb63bb1694b2413ef', '2019-01-07 13:22:19'), ('3208', '142', 'parent_id', '父级', 'varchar(11)', 'parentId', '0', '1', '0', '0', '0', '0', '0', '0', '40', '', 'be50e868ce4841ebb63bb1694b2413ef', '2019-01-07 13:22:19', 'be50e868ce4841ebb63bb1694b2413ef', '2019-01-07 13:22:19'), ('3209', '142', 'parent_ids', '所有父级', 'varchar(255)', 'parentIds', '0', '1', '0', '0', '0', '0', '0', '0', '50', '', 'be50e868ce4841ebb63bb1694b2413ef', '2019-01-07 13:22:19', 'be50e868ce4841ebb63bb1694b2413ef', '2019-01-07 13:22:19'), ('3210', '142', 'level', '等级', 'int(5)', 'level', '0', '1', '0', '0', '0', '0', '0', '0', '60', '', 'be50e868ce4841ebb63bb1694b2413ef', '2019-01-07 13:22:19', 'be50e868ce4841ebb63bb1694b2413ef', '2019-01-07 13:22:19'), ('3211', '142', 'sort', '排序', 'int(8)', 'sort', '0', '1', '0', '0', '0', '0', '0', '0', '70', '', 'be50e868ce4841ebb63bb1694b2413ef', '2019-01-07 13:22:19', 'be50e868ce4841ebb63bb1694b2413ef', '2019-01-07 13:22:19'), ('3212', '142', 'remark', '备注', 'varchar(255)', 'remark', '0', '1', '0', '0', '0', '0', '0', '0', '80', '', 'be50e868ce4841ebb63bb1694b2413ef', '2019-01-07 13:22:19', 'be50e868ce4841ebb63bb1694b2413ef', '2019-01-07 13:22:19'), ('3213', '142', 'create_date', '创建时间', 'timestamp', 'createDate', '0', '1', '0', '0', '0', '0', '0', '0', '90', '', 'be50e868ce4841ebb63bb1694b2413ef', '2019-01-07 13:22:19', 'be50e868ce4841ebb63bb1694b2413ef', '2019-01-07 13:22:19'), ('3214', '142', 'create_by', '创建人', 'varchar(255)', 'createBy', '0', '1', '0', '0', '0', '0', '0', '0', '100', '', 'be50e868ce4841ebb63bb1694b2413ef', '2019-01-07 13:22:19', 'be50e868ce4841ebb63bb1694b2413ef', '2019-01-07 13:22:19'), ('3215', '142', 'update_date', '更新时间', 'timestamp', 'updateDate', '0', '1', '0', '0', '0', '0', '0', '0', '110', '', 'be50e868ce4841ebb63bb1694b2413ef', '2019-01-07 13:22:19', 'be50e868ce4841ebb63bb1694b2413ef', '2019-01-07 13:22:19'), ('3216', '142', 'update_by', '更新人', 'varchar(255)', 'updateBy', '0', '1', '0', '0', '0', '0', '0', '0', '120', '', 'be50e868ce4841ebb63bb1694b2413ef', '2019-01-07 13:22:19', 'be50e868ce4841ebb63bb1694b2413ef', '2019-01-07 13:22:19'), ('3217', '143', 'id', '主键', 'int(11)', 'id', '1', '1', '0', '0', '0', '0', '0', '0', '10', '', 'be50e868ce4841ebb63bb1694b2413ef', '2019-01-07 13:22:19', 'be50e868ce4841ebb63bb1694b2413ef', '2019-01-07 13:22:19'), ('3218', '143', 'name', '权限名称', 'varchar(20)', 'name', '0', '1', '0', '0', '0', '0', '0', '0', '20', '', 'be50e868ce4841ebb63bb1694b2413ef', '2019-01-07 13:22:19', 'be50e868ce4841ebb63bb1694b2413ef', '2019-01-07 13:22:19'), ('3219', '143', 'permission', '权限标识', 'varchar(50)', 'permission', '0', '1', '0', '0', '0', '0', '0', '0', '30', '', 'be50e868ce4841ebb63bb1694b2413ef', '2019-01-07 13:22:19', 'be50e868ce4841ebb63bb1694b2413ef', '2019-01-07 13:22:19'), ('3220', '143', 'parent_id', '父级', 'varchar(11)', 'parentId', '0', '1', '0', '0', '0', '0', '0', '0', '40', '', 'be50e868ce4841ebb63bb1694b2413ef', '2019-01-07 13:22:19', 'be50e868ce4841ebb63bb1694b2413ef', '2019-01-07 13:22:19'), ('3221', '143', 'parent_ids', '所有父级', 'varchar(255)', 'parentIds', '0', '1', '0', '0', '0', '0', '0', '0', '50', '', 'be50e868ce4841ebb63bb1694b2413ef', '2019-01-07 13:22:19', 'be50e868ce4841ebb63bb1694b2413ef', '2019-01-07 13:22:19'), ('3222', '143', 'level', '等级', 'int(5)', 'level', '0', '1', '0', '0', '0', '0', '0', '0', '60', '', 'be50e868ce4841ebb63bb1694b2413ef', '2019-01-07 13:22:19', 'be50e868ce4841ebb63bb1694b2413ef', '2019-01-07 13:22:19'), ('3223', '143', 'sort', '排序', 'int(8)', 'sort', '0', '1', '0', '0', '0', '0', '0', '0', '70', '', 'be50e868ce4841ebb63bb1694b2413ef', '2019-01-07 13:22:19', 'be50e868ce4841ebb63bb1694b2413ef', '2019-01-07 13:22:19'), ('3224', '143', 'remark', '备注', 'varchar(255)', 'remark', '0', '1', '0', '0', '0', '0', '0', '0', '80', '', 'be50e868ce4841ebb63bb1694b2413ef', '2019-01-07 13:22:19', 'be50e868ce4841ebb63bb1694b2413ef', '2019-01-07 13:22:19'), ('3225', '143', 'create_date', '创建时间', 'datetime', 'createDate', '0', '1', '0', '0', '0', '0', '0', '0', '90', '', 'be50e868ce4841ebb63bb1694b2413ef', '2019-01-07 13:22:19', 'be50e868ce4841ebb63bb1694b2413ef', '2019-01-07 13:22:19'), ('3226', '143', 'update_date', '更新时间', 'datetime', 'updateDate', '0', '1', '0', '0', '0', '0', '0', '0', '100', '', 'be50e868ce4841ebb63bb1694b2413ef', '2019-01-07 13:22:19', 'be50e868ce4841ebb63bb1694b2413ef', '2019-01-07 13:22:19'), ('3227', '143', 'create_by', '创建人', 'varchar(64)', 'createBy', '0', '1', '0', '0', '0', '0', '0', '0', '110', '', 'be50e868ce4841ebb63bb1694b2413ef', '2019-01-07 13:22:19', 'be50e868ce4841ebb63bb1694b2413ef', '2019-01-07 13:22:19'), ('3228', '143', 'update_by', '更新人', 'varchar(64)', 'updateBy', '0', '1', '0', '0', '0', '0', '0', '0', '120', '', 'be50e868ce4841ebb63bb1694b2413ef', '2019-01-07 13:22:19', 'be50e868ce4841ebb63bb1694b2413ef', '2019-01-07 13:22:19'), ('3229', '144', 'id', '主键', 'int(11)', 'id', '1', '1', '0', '0', '0', '0', '0', '0', '10', '', 'be50e868ce4841ebb63bb1694b2413ef', '2019-01-07 13:22:19', 'be50e868ce4841ebb63bb1694b2413ef', '2019-01-07 13:22:19'), ('3230', '144', 'name', '中文名', 'varchar(20)', 'name', '0', '1', '0', '0', '0', '0', '0', '0', '20', '', 'be50e868ce4841ebb63bb1694b2413ef', '2019-01-07 13:22:19', 'be50e868ce4841ebb63bb1694b2413ef', '2019-01-07 13:22:19'), ('3231', '144', 'enname', '英文名', 'varchar(20)', 'enname', '0', '1', '0', '0', '0', '0', '0', '0', '30', '', 'be50e868ce4841ebb63bb1694b2413ef', '2019-01-07 13:22:19', 'be50e868ce4841ebb63bb1694b2413ef', '2019-01-07 13:22:19'), ('3232', '144', 'remark', '备注', 'varchar(255)', 'remark', '0', '1', '0', '0', '0', '0', '0', '0', '40', '', 'be50e868ce4841ebb63bb1694b2413ef', '2019-01-07 13:22:19', 'be50e868ce4841ebb63bb1694b2413ef', '2019-01-07 13:22:19'), ('3233', '144', 'create_date', '创建时间', 'datetime', 'createDate', '0', '1', '0', '0', '0', '0', '0', '0', '50', '', 'be50e868ce4841ebb63bb1694b2413ef', '2019-01-07 13:22:19', 'be50e868ce4841ebb63bb1694b2413ef', '2019-01-07 13:22:19'), ('3234', '144', 'update_date', '更新时间', 'datetime', 'updateDate', '0', '1', '0', '0', '0', '0', '0', '0', '60', '', 'be50e868ce4841ebb63bb1694b2413ef', '2019-01-07 13:22:19', 'be50e868ce4841ebb63bb1694b2413ef', '2019-01-07 13:22:19'), ('3235', '144', 'create_by', '创建人', 'varchar(64)', 'createBy', '0', '1', '0', '0', '0', '0', '0', '0', '70', '', 'be50e868ce4841ebb63bb1694b2413ef', '2019-01-07 13:22:19', 'be50e868ce4841ebb63bb1694b2413ef', '2019-01-07 13:22:19'), ('3236', '144', 'update_by', '更新人', 'varchar(64)', 'updateBy', '0', '1', '0', '0', '0', '0', '0', '0', '80', '', 'be50e868ce4841ebb63bb1694b2413ef', '2019-01-07 13:22:19', 'be50e868ce4841ebb63bb1694b2413ef', '2019-01-07 13:22:19'), ('3237', '145', 'id', '主键', 'int(11)', 'id', '1', '1', '0', '0', '0', '0', '0', '0', '10', '', 'be50e868ce4841ebb63bb1694b2413ef', '2019-01-07 13:22:19', 'be50e868ce4841ebb63bb1694b2413ef', '2019-01-07 13:22:19'), ('3238', '145', 'role_id', '关联角色', 'int(11)', 'roleId', '0', '1', '0', '0', '0', '0', '0', '0', '20', '', 'be50e868ce4841ebb63bb1694b2413ef', '2019-01-07 13:22:19', 'be50e868ce4841ebb63bb1694b2413ef', '2019-01-07 13:22:19'), ('3239', '145', 'power_id', '关联权限', 'int(11)', 'powerId', '0', '1', '0', '0', '0', '0', '0', '0', '30', '', 'be50e868ce4841ebb63bb1694b2413ef', '2019-01-07 13:22:19', 'be50e868ce4841ebb63bb1694b2413ef', '2019-01-07 13:22:19'), ('3240', '145', 'remark', '备注', 'varchar(255)', 'remark', '0', '1', '0', '0', '0', '0', '0', '0', '40', '', 'be50e868ce4841ebb63bb1694b2413ef', '2019-01-07 13:22:19', 'be50e868ce4841ebb63bb1694b2413ef', '2019-01-07 13:22:19'), ('3241', '145', 'create_date', '创建时间', 'timestamp', 'createDate', '0', '1', '0', '0', '0', '0', '0', '0', '50', '', 'be50e868ce4841ebb63bb1694b2413ef', '2019-01-07 13:22:19', 'be50e868ce4841ebb63bb1694b2413ef', '2019-01-07 13:22:19'), ('3242', '145', 'update_date', '更新时间', 'timestamp', 'updateDate', '0', '1', '0', '0', '0', '0', '0', '0', '60', '', 'be50e868ce4841ebb63bb1694b2413ef', '2019-01-07 13:22:19', 'be50e868ce4841ebb63bb1694b2413ef', '2019-01-07 13:22:19'), ('3243', '145', 'create_by', '创建人', 'varchar(64)', 'createBy', '0', '1', '0', '0', '0', '0', '0', '0', '70', '', 'be50e868ce4841ebb63bb1694b2413ef', '2019-01-07 13:22:19', 'be50e868ce4841ebb63bb1694b2413ef', '2019-01-07 13:22:19'), ('3244', '145', 'update_by', '更新人', 'varchar(64)', 'updateBy', '0', '1', '0', '0', '0', '0', '0', '0', '80', '', 'be50e868ce4841ebb63bb1694b2413ef', '2019-01-07 13:22:19', 'be50e868ce4841ebb63bb1694b2413ef', '2019-01-07 13:22:19'), ('3245', '146', 'id', '主键', 'int(11)', 'id', '1', '1', '0', '0', '0', '0', '0', '0', '10', '', 'be50e868ce4841ebb63bb1694b2413ef', '2019-01-07 13:22:19', 'be50e868ce4841ebb63bb1694b2413ef', '2019-01-07 13:22:19'), ('3246', '146', 'name', '组名', 'varchar(20)', 'name', '0', '1', '0', '0', '0', '0', '0', '0', '20', '', 'be50e868ce4841ebb63bb1694b2413ef', '2019-01-07 13:22:19', 'be50e868ce4841ebb63bb1694b2413ef', '2019-01-07 13:22:19'), ('3247', '146', 'table_name', '表名', 'varchar(30)', 'tableName', '0', '1', '0', '0', '0', '0', '0', '0', '30', '', 'be50e868ce4841ebb63bb1694b2413ef', '2019-01-07 13:22:19', 'be50e868ce4841ebb63bb1694b2413ef', '2019-01-07 13:22:19'), ('3248', '146', 'field', '属性', 'varchar(30)', 'field', '0', '1', '0', '0', '0', '0', '0', '0', '40', '', 'be50e868ce4841ebb63bb1694b2413ef', '2019-01-07 13:22:19', 'be50e868ce4841ebb63bb1694b2413ef', '2019-01-07 13:22:19'), ('3249', '146', 'comment', '注释', 'varchar(50)', 'comment', '0', '1', '0', '0', '0', '0', '0', '0', '50', '', 'be50e868ce4841ebb63bb1694b2413ef', '2019-01-07 13:22:19', 'be50e868ce4841ebb63bb1694b2413ef', '2019-01-07 13:22:19'), ('3250', '146', 'description', '描述', 'varchar(50)', 'description', '0', '1', '0', '0', '0', '0', '0', '0', '60', '', 'be50e868ce4841ebb63bb1694b2413ef', '2019-01-07 13:22:19', 'be50e868ce4841ebb63bb1694b2413ef', '2019-01-07 13:22:19'), ('3251', '146', 'sys_dbsource_id', '关联数据源', 'int(11)', 'sysDbsourceId', '0', '1', '0', '0', '0', '0', '0', '0', '70', '', 'be50e868ce4841ebb63bb1694b2413ef', '2019-01-07 13:22:19', 'be50e868ce4841ebb63bb1694b2413ef', '2019-01-07 13:22:19'), ('3252', '146', 'sys_namespace_id', '命名空间', 'int(11)', 'sysNamespaceId', '0', '1', '0', '0', '0', '0', '0', '0', '80', '', 'be50e868ce4841ebb63bb1694b2413ef', '2019-01-07 13:22:19', 'be50e868ce4841ebb63bb1694b2413ef', '2019-01-07 13:22:19'), ('3253', '146', 'remark', '备注', 'varchar(255)', 'remark', '0', '1', '0', '0', '0', '0', '0', '0', '90', '', 'be50e868ce4841ebb63bb1694b2413ef', '2019-01-07 13:22:19', 'be50e868ce4841ebb63bb1694b2413ef', '2019-01-07 13:22:19'), ('3254', '146', 'create_date', '创建时间', 'timestamp', 'createDate', '0', '1', '0', '0', '0', '0', '0', '0', '100', '', 'be50e868ce4841ebb63bb1694b2413ef', '2019-01-07 13:22:19', 'be50e868ce4841ebb63bb1694b2413ef', '2019-01-07 13:22:19'), ('3255', '146', 'update_date', '更新世界', 'timestamp', 'updateDate', '0', '1', '0', '0', '0', '0', '0', '0', '110', '', 'be50e868ce4841ebb63bb1694b2413ef', '2019-01-07 13:22:19', 'be50e868ce4841ebb63bb1694b2413ef', '2019-01-07 13:22:19'), ('3256', '146', 'create_by', '创建人', 'varchar(64)', 'createBy', '0', '1', '0', '0', '0', '0', '0', '0', '120', '', 'be50e868ce4841ebb63bb1694b2413ef', '2019-01-07 13:22:19', 'be50e868ce4841ebb63bb1694b2413ef', '2019-01-07 13:22:19'), ('3257', '146', 'update_by', '更新时间', 'varchar(64)', 'updateBy', '0', '1', '0', '0', '0', '0', '0', '0', '130', '', 'be50e868ce4841ebb63bb1694b2413ef', '2019-01-07 13:22:19', 'be50e868ce4841ebb63bb1694b2413ef', '2019-01-07 13:22:19'), ('3258', '147', 'id', '主键', 'int(11)', 'id', '1', '1', '0', '0', '0', '0', '0', '0', '10', '', 'be50e868ce4841ebb63bb1694b2413ef', '2019-01-07 13:22:19', 'be50e868ce4841ebb63bb1694b2413ef', '2019-01-07 13:22:19'), ('3259', '147', 'name', '名称', 'varchar(20)', 'name', '0', '1', '0', '0', '0', '0', '0', '0', '20', '', 'be50e868ce4841ebb63bb1694b2413ef', '2019-01-07 13:22:19', 'be50e868ce4841ebb63bb1694b2413ef', '2019-01-07 13:22:19'), ('3260', '147', 'parent_id', '父节点', 'varchar(11)', 'parentId', '0', '1', '0', '0', '0', '0', '0', '0', '30', '', 'be50e868ce4841ebb63bb1694b2413ef', '2019-01-07 13:22:19', 'be50e868ce4841ebb63bb1694b2413ef', '2019-01-07 13:22:19'), ('3261', '147', 'parent_ids', '所有父节点', 'varchar(255)', 'parentIds', '0', '1', '0', '0', '0', '0', '0', '0', '40', '', 'be50e868ce4841ebb63bb1694b2413ef', '2019-01-07 13:22:19', 'be50e868ce4841ebb63bb1694b2413ef', '2019-01-07 13:22:19'), ('3262', '147', 'sys_namespace_id', '命名空间', 'int(11)', 'sysNamespaceId', '0', '1', '0', '0', '0', '0', '0', '0', '50', '', 'be50e868ce4841ebb63bb1694b2413ef', '2019-01-07 13:22:19', 'be50e868ce4841ebb63bb1694b2413ef', '2019-01-07 13:22:19'), ('3263', '147', 'left_equal', '左等式', 'varchar(20)', 'leftEqual', '0', '1', '0', '0', '0', '0', '0', '0', '60', '', 'be50e868ce4841ebb63bb1694b2413ef', '2019-01-07 13:22:19', 'be50e868ce4841ebb63bb1694b2413ef', '2019-01-07 13:22:19'), ('3264', '147', 'event', '事件', 'int(3)', 'event', '0', '1', '0', '0', '0', '0', '0', '0', '70', '', 'be50e868ce4841ebb63bb1694b2413ef', '2019-01-07 13:22:19', 'be50e868ce4841ebb63bb1694b2413ef', '2019-01-07 13:22:19'), ('3265', '147', 'right_equal', '右等式', 'varchar(20)', 'rightEqual', '0', '1', '0', '0', '0', '0', '0', '0', '80', '', 'be50e868ce4841ebb63bb1694b2413ef', '2019-01-07 13:22:19', 'be50e868ce4841ebb63bb1694b2413ef', '2019-01-07 13:22:19'), ('3266', '147', 'result', '结果', 'varchar(50)', 'result', '0', '1', '0', '0', '0', '0', '0', '0', '90', '', 'be50e868ce4841ebb63bb1694b2413ef', '2019-01-07 13:22:19', 'be50e868ce4841ebb63bb1694b2413ef', '2019-01-07 13:22:19'), ('3267', '147', 'level', '等级', 'int(5)', 'level', '0', '1', '0', '0', '0', '0', '0', '0', '100', '', 'be50e868ce4841ebb63bb1694b2413ef', '2019-01-07 13:22:19', 'be50e868ce4841ebb63bb1694b2413ef', '2019-01-07 13:22:19'), ('3268', '147', 'group_name', '组别', 'varchar(20)', 'groupName', '0', '1', '0', '0', '0', '0', '0', '0', '110', '', 'be50e868ce4841ebb63bb1694b2413ef', '2019-01-07 13:22:19', 'be50e868ce4841ebb63bb1694b2413ef', '2019-01-07 13:22:19'), ('3269', '147', 'sort', '排序', 'int(8)', 'sort', '0', '1', '0', '0', '0', '0', '0', '0', '120', '', 'be50e868ce4841ebb63bb1694b2413ef', '2019-01-07 13:22:19', 'be50e868ce4841ebb63bb1694b2413ef', '2019-01-07 13:22:19'), ('3270', '147', 'description', '描述', 'varchar(50)', 'description', '0', '1', '0', '0', '0', '0', '0', '0', '130', '', 'be50e868ce4841ebb63bb1694b2413ef', '2019-01-07 13:22:19', 'be50e868ce4841ebb63bb1694b2413ef', '2019-01-07 13:22:19'), ('3271', '147', 'remark', '备注', 'varchar(255)', 'remark', '0', '1', '0', '0', '0', '0', '0', '0', '140', '', 'be50e868ce4841ebb63bb1694b2413ef', '2019-01-07 13:22:19', 'be50e868ce4841ebb63bb1694b2413ef', '2019-01-07 13:22:19'), ('3272', '147', 'create_date', '创建时间', 'timestamp', 'createDate', '0', '1', '0', '0', '0', '0', '0', '0', '150', '', 'be50e868ce4841ebb63bb1694b2413ef', '2019-01-07 13:22:19', 'be50e868ce4841ebb63bb1694b2413ef', '2019-01-07 13:22:19'), ('3273', '147', 'create_by', '创建人', 'varchar(255)', 'createBy', '0', '1', '0', '0', '0', '0', '0', '0', '160', '', 'be50e868ce4841ebb63bb1694b2413ef', '2019-01-07 13:22:19', 'be50e868ce4841ebb63bb1694b2413ef', '2019-01-07 13:22:19'), ('3274', '147', 'update_date', '更新时间', 'timestamp', 'updateDate', '0', '1', '0', '0', '0', '0', '0', '0', '170', '', 'be50e868ce4841ebb63bb1694b2413ef', '2019-01-07 13:22:19', 'be50e868ce4841ebb63bb1694b2413ef', '2019-01-07 13:22:19'), ('3275', '147', 'update_by', '更新人', 'varchar(255)', 'updateBy', '0', '1', '0', '0', '0', '0', '0', '0', '180', '', 'be50e868ce4841ebb63bb1694b2413ef', '2019-01-07 13:22:19', 'be50e868ce4841ebb63bb1694b2413ef', '2019-01-07 13:22:19'), ('3276', '148', 'id', '主键', 'varchar(64)', 'id', '1', '1', '0', '0', '0', '0', '0', '0', '10', '', 'be50e868ce4841ebb63bb1694b2413ef', '2019-01-07 13:22:19', 'be50e868ce4841ebb63bb1694b2413ef', '2019-01-07 13:22:19'), ('3277', '148', 'username', '账户', 'varchar(20)', 'username', '0', '1', '0', '0', '0', '0', '0', '0', '20', '', 'be50e868ce4841ebb63bb1694b2413ef', '2019-01-07 13:22:19', 'be50e868ce4841ebb63bb1694b2413ef', '2019-01-07 13:22:19'), ('3278', '148', 'password', '密码', 'varchar(64)', 'password', '0', '1', '0', '0', '0', '0', '0', '0', '30', '', 'be50e868ce4841ebb63bb1694b2413ef', '2019-01-07 13:22:19', 'be50e868ce4841ebb63bb1694b2413ef', '2019-01-07 13:22:19'), ('3279', '148', 'name', '用户名', 'varchar(20)', 'name', '0', '1', '0', '0', '0', '0', '0', '0', '40', '', 'be50e868ce4841ebb63bb1694b2413ef', '2019-01-07 13:22:19', 'be50e868ce4841ebb63bb1694b2413ef', '2019-01-07 13:22:19'), ('3280', '148', 'sys_office_id', '关联组织结构', 'int(11)', 'sysOfficeId', '0', '1', '0', '0', '0', '0', '0', '0', '50', '', 'be50e868ce4841ebb63bb1694b2413ef', '2019-01-07 13:22:19', 'be50e868ce4841ebb63bb1694b2413ef', '2019-01-07 13:22:19'), ('3281', '148', 'remark', '备注', 'varchar(255)', 'remark', '0', '1', '0', '0', '0', '0', '0', '0', '60', '', 'be50e868ce4841ebb63bb1694b2413ef', '2019-01-07 13:22:19', 'be50e868ce4841ebb63bb1694b2413ef', '2019-01-07 13:22:19'), ('3282', '148', 'del_flag', '逻辑删除', 'int(1)', 'delFlag', '0', '1', '0', '0', '0', '0', '0', '0', '70', '', 'be50e868ce4841ebb63bb1694b2413ef', '2019-01-07 13:22:19', 'be50e868ce4841ebb63bb1694b2413ef', '2019-01-07 13:22:19'), ('3283', '148', 'create_date', '创建时间', 'datetime', 'createDate', '0', '1', '0', '0', '0', '0', '0', '0', '80', '', 'be50e868ce4841ebb63bb1694b2413ef', '2019-01-07 13:22:19', 'be50e868ce4841ebb63bb1694b2413ef', '2019-01-07 13:22:19'), ('3284', '148', 'create_by', '创建人', 'varchar(64)', 'createBy', '0', '1', '0', '0', '0', '0', '0', '0', '90', '', 'be50e868ce4841ebb63bb1694b2413ef', '2019-01-07 13:22:19', 'be50e868ce4841ebb63bb1694b2413ef', '2019-01-07 13:22:19'), ('3285', '148', 'update_date', '更新时间', 'datetime', 'updateDate', '0', '1', '0', '0', '0', '0', '0', '0', '100', '', 'be50e868ce4841ebb63bb1694b2413ef', '2019-01-07 13:22:19', 'be50e868ce4841ebb63bb1694b2413ef', '2019-01-07 13:22:19'), ('3286', '148', 'update_by', '更新人', 'varchar(64)', 'updateBy', '0', '1', '0', '0', '0', '0', '0', '0', '110', '', 'be50e868ce4841ebb63bb1694b2413ef', '2019-01-07 13:22:19', 'be50e868ce4841ebb63bb1694b2413ef', '2019-01-07 13:22:19'), ('3287', '149', 'id', '主键', 'int(11)', 'id', '1', '1', '0', '0', '0', '0', '0', '0', '10', '', 'be50e868ce4841ebb63bb1694b2413ef', '2019-01-07 13:22:19', 'be50e868ce4841ebb63bb1694b2413ef', '2019-01-07 13:22:19'), ('3288', '149', 'user_id', '用户id', 'varchar(64)', 'userId', '0', '1', '0', '0', '0', '0', '0', '0', '20', '', 'be50e868ce4841ebb63bb1694b2413ef', '2019-01-07 13:22:19', 'be50e868ce4841ebb63bb1694b2413ef', '2019-01-07 13:22:19'), ('3289', '149', 'namespace_id', '命名空间id', 'int(11)', 'namespaceId', '0', '1', '0', '0', '0', '0', '0', '0', '30', '', 'be50e868ce4841ebb63bb1694b2413ef', '2019-01-07 13:22:19', 'be50e868ce4841ebb63bb1694b2413ef', '2019-01-07 13:22:19'), ('3290', '149', 'remark', '备注', 'varchar(255)', 'remark', '0', '1', '0', '0', '0', '0', '0', '0', '40', '', 'be50e868ce4841ebb63bb1694b2413ef', '2019-01-07 13:22:19', 'be50e868ce4841ebb63bb1694b2413ef', '2019-01-07 13:22:19'), ('3291', '149', 'create_date', '创建时间', 'datetime', 'createDate', '0', '1', '0', '0', '0', '0', '0', '0', '50', '', 'be50e868ce4841ebb63bb1694b2413ef', '2019-01-07 13:22:19', 'be50e868ce4841ebb63bb1694b2413ef', '2019-01-07 13:22:19'), ('3292', '149', 'create_by', '创建人', 'varchar(100)', 'createBy', '0', '1', '0', '0', '0', '0', '0', '0', '60', '', 'be50e868ce4841ebb63bb1694b2413ef', '2019-01-07 13:22:19', 'be50e868ce4841ebb63bb1694b2413ef', '2019-01-07 13:22:19'), ('3293', '149', 'update_date', '更新时间', 'datetime', 'updateDate', '0', '1', '0', '0', '0', '0', '0', '0', '70', '', 'be50e868ce4841ebb63bb1694b2413ef', '2019-01-07 13:22:19', 'be50e868ce4841ebb63bb1694b2413ef', '2019-01-07 13:22:19'), ('3294', '149', 'update_by', '更新人', 'varchar(100)', 'updateBy', '0', '1', '0', '0', '0', '0', '0', '0', '80', '', 'be50e868ce4841ebb63bb1694b2413ef', '2019-01-07 13:22:19', 'be50e868ce4841ebb63bb1694b2413ef', '2019-01-07 13:22:19'), ('3295', '150', 'id', '主键', 'int(11)', 'id', '1', '1', '0', '0', '0', '0', '0', '0', '10', '', 'be50e868ce4841ebb63bb1694b2413ef', '2019-01-07 13:22:19', 'be50e868ce4841ebb63bb1694b2413ef', '2019-01-07 13:22:19'), ('3296', '150', 'user_id', '关联系统用户', 'varchar(255)', 'userId', '0', '1', '0', '0', '0', '0', '0', '0', '20', '', 'be50e868ce4841ebb63bb1694b2413ef', '2019-01-07 13:22:19', 'be50e868ce4841ebb63bb1694b2413ef', '2019-01-07 13:22:19'), ('3297', '150', 'role_id', '关联系统角色', 'int(11)', 'roleId', '0', '1', '0', '0', '0', '0', '0', '0', '30', '', 'be50e868ce4841ebb63bb1694b2413ef', '2019-01-07 13:22:19', 'be50e868ce4841ebb63bb1694b2413ef', '2019-01-07 13:22:19'), ('3298', '150', 'remark', '备注', 'varchar(255)', 'remark', '0', '1', '0', '0', '0', '0', '0', '0', '40', '', 'be50e868ce4841ebb63bb1694b2413ef', '2019-01-07 13:22:19', 'be50e868ce4841ebb63bb1694b2413ef', '2019-01-07 13:22:19'), ('3299', '150', 'create_by', '创建人', 'varchar(255)', 'createBy', '0', '1', '0', '0', '0', '0', '0', '0', '50', '', 'be50e868ce4841ebb63bb1694b2413ef', '2019-01-07 13:22:19', 'be50e868ce4841ebb63bb1694b2413ef', '2019-01-07 13:22:19'), ('3300', '150', 'create_date', '创建时间', 'datetime', 'createDate', '0', '1', '0', '0', '0', '0', '0', '0', '60', '', 'be50e868ce4841ebb63bb1694b2413ef', '2019-01-07 13:22:19', 'be50e868ce4841ebb63bb1694b2413ef', '2019-01-07 13:22:19'), ('3301', '150', 'update_by', '更新人', 'varchar(255)', 'updateBy', '0', '1', '0', '0', '0', '0', '0', '0', '70', '', 'be50e868ce4841ebb63bb1694b2413ef', '2019-01-07 13:22:19', 'be50e868ce4841ebb63bb1694b2413ef', '2019-01-07 13:22:19'), ('3302', '150', 'update_date', '更新时间', 'datetime', 'updateDate', '0', '1', '0', '0', '0', '0', '0', '0', '80', '', 'be50e868ce4841ebb63bb1694b2413ef', '2019-01-07 13:22:19', 'be50e868ce4841ebb63bb1694b2413ef', '2019-01-07 13:22:19'), ('3303', '151', 'id', '主键', 'int(11)', 'id', '1', '1', '0', '0', '0', '0', '0', '0', '10', '', 'be50e868ce4841ebb63bb1694b2413ef', '2019-01-07 13:22:19', 'be50e868ce4841ebb63bb1694b2413ef', '2019-01-07 13:22:19'), ('3304', '151', 'name', '表名', 'varchar(20)', 'name', '0', '1', '0', '0', '0', '0', '0', '0', '20', '', 'be50e868ce4841ebb63bb1694b2413ef', '2019-01-07 13:22:19', 'be50e868ce4841ebb63bb1694b2413ef', '2019-01-07 13:22:19'), ('3305', '151', 'comment', '注释', 'varchar(50)', 'comment', '0', '1', '0', '0', '0', '0', '0', '0', '30', '', 'be50e868ce4841ebb63bb1694b2413ef', '2019-01-07 13:22:19', 'be50e868ce4841ebb63bb1694b2413ef', '2019-01-07 13:22:19'), ('3306', '151', 'sys_namespace_id', '关联系统命名空间', 'int(11)', 'sysNamespaceId', '0', '1', '0', '0', '0', '0', '0', '0', '40', '', 'be50e868ce4841ebb63bb1694b2413ef', '2019-01-07 13:22:19', 'be50e868ce4841ebb63bb1694b2413ef', '2019-01-07 13:22:19'), ('3307', '151', 'sys_dbsource_id', '关联系统数据源', 'int(11)', 'sysDbsourceId', '0', '1', '0', '0', '0', '0', '0', '0', '50', '', 'be50e868ce4841ebb63bb1694b2413ef', '2019-01-07 13:22:19', 'be50e868ce4841ebb63bb1694b2413ef', '2019-01-07 13:22:19'), ('3308', '151', 'remark', '备注', 'varchar(255)', 'remark', '0', '1', '0', '0', '0', '0', '0', '0', '60', '', 'be50e868ce4841ebb63bb1694b2413ef', '2019-01-07 13:22:19', 'be50e868ce4841ebb63bb1694b2413ef', '2019-01-07 13:22:19'), ('3309', '151', 'create_date', '创建时间', 'timestamp', 'createDate', '0', '1', '0', '0', '0', '0', '0', '0', '70', '', 'be50e868ce4841ebb63bb1694b2413ef', '2019-01-07 13:22:19', 'be50e868ce4841ebb63bb1694b2413ef', '2019-01-07 13:22:19'), ('3310', '151', 'update_date', '创建时间', 'timestamp', 'updateDate', '0', '1', '0', '0', '0', '0', '0', '0', '80', '', 'be50e868ce4841ebb63bb1694b2413ef', '2019-01-07 13:22:19', 'be50e868ce4841ebb63bb1694b2413ef', '2019-01-07 13:22:19'), ('3311', '151', 'create_by', '创建人', 'varchar(255)', 'createBy', '0', '1', '0', '0', '0', '0', '0', '0', '90', '', 'be50e868ce4841ebb63bb1694b2413ef', '2019-01-07 13:22:19', 'be50e868ce4841ebb63bb1694b2413ef', '2019-01-07 13:22:19'), ('3312', '151', 'update_by', '更新人', 'varchar(255)', 'updateBy', '0', '1', '0', '0', '0', '0', '0', '0', '100', '', 'be50e868ce4841ebb63bb1694b2413ef', '2019-01-07 13:22:19', 'be50e868ce4841ebb63bb1694b2413ef', '2019-01-07 13:22:19'), ('3313', '152', 'id', '主键', 'int(11)', 'id', '1', '1', '0', '0', '0', '0', '0', '0', '10', '', 'be50e868ce4841ebb63bb1694b2413ef', '2019-01-07 13:22:19', 'be50e868ce4841ebb63bb1694b2413ef', '2019-01-07 13:22:19'), ('3314', '152', 'sys_virtual_table_id', '关联虚表', 'int(11)', 'sysVirtualTableId', '0', '1', '0', '0', '0', '0', '0', '0', '20', '', 'be50e868ce4841ebb63bb1694b2413ef', '2019-01-07 13:22:19', 'be50e868ce4841ebb63bb1694b2413ef', '2019-01-07 13:22:19'), ('3315', '152', 'name', '列名', 'varchar(20)', 'name', '0', '1', '0', '0', '0', '0', '0', '0', '30', '', 'be50e868ce4841ebb63bb1694b2413ef', '2019-01-07 13:22:19', 'be50e868ce4841ebb63bb1694b2413ef', '2019-01-07 13:22:19'), ('3316', '152', 'type', '类型', 'int(3)', 'type', '0', '1', '0', '0', '0', '0', '0', '0', '40', '', 'be50e868ce4841ebb63bb1694b2413ef', '2019-01-07 13:22:19', 'be50e868ce4841ebb63bb1694b2413ef', '2019-01-07 13:22:19'), ('3317', '152', 'length', '长度', 'int(5)', 'length', '0', '1', '0', '0', '0', '0', '0', '0', '50', '', 'be50e868ce4841ebb63bb1694b2413ef', '2019-01-07 13:22:19', 'be50e868ce4841ebb63bb1694b2413ef', '2019-01-07 13:22:19'), ('3318', '152', 'decimal_length', '小数', 'int(5)', 'decimalLength', '0', '1', '0', '0', '0', '0', '0', '0', '60', '', 'be50e868ce4841ebb63bb1694b2413ef', '2019-01-07 13:22:19', 'be50e868ce4841ebb63bb1694b2413ef', '2019-01-07 13:22:19'), ('3319', '152', 'is_not_null', '是否为空', 'int(1)', 'isNotNull', '0', '1', '0', '0', '0', '0', '0', '0', '70', '', 'be50e868ce4841ebb63bb1694b2413ef', '2019-01-07 13:22:19', 'be50e868ce4841ebb63bb1694b2413ef', '2019-01-07 13:22:19'), ('3320', '152', 'default_value', '默认值', 'varchar(20)', 'defaultValue', '0', '1', '0', '0', '0', '0', '0', '0', '80', '', 'be50e868ce4841ebb63bb1694b2413ef', '2019-01-07 13:22:19', 'be50e868ce4841ebb63bb1694b2413ef', '2019-01-07 13:22:19'), ('3321', '152', 'comment', '注释', 'varchar(20)', 'comment', '0', '1', '0', '0', '0', '0', '0', '0', '90', '', 'be50e868ce4841ebb63bb1694b2413ef', '2019-01-07 13:22:19', 'be50e868ce4841ebb63bb1694b2413ef', '2019-01-07 13:22:19'), ('3322', '152', 'is_key', '是否主键', 'int(1)', 'isKey', '0', '1', '0', '0', '0', '0', '0', '0', '100', '', 'be50e868ce4841ebb63bb1694b2413ef', '2019-01-07 13:22:19', 'be50e868ce4841ebb63bb1694b2413ef', '2019-01-07 13:22:19'), ('3323', '152', 'is_auto', '是否自增', 'int(1)', 'isAuto', '0', '1', '0', '0', '0', '0', '0', '0', '110', '', 'be50e868ce4841ebb63bb1694b2413ef', '2019-01-07 13:22:19', 'be50e868ce4841ebb63bb1694b2413ef', '2019-01-07 13:22:19'), ('3324', '152', 'remark', '备注', 'varchar(255)', 'remark', '0', '1', '0', '0', '0', '0', '0', '0', '120', '', 'be50e868ce4841ebb63bb1694b2413ef', '2019-01-07 13:22:19', 'be50e868ce4841ebb63bb1694b2413ef', '2019-01-07 13:22:19'), ('3325', '152', 'create_date', '创建时间', 'timestamp', 'createDate', '0', '1', '0', '0', '0', '0', '0', '0', '130', '', 'be50e868ce4841ebb63bb1694b2413ef', '2019-01-07 13:22:19', 'be50e868ce4841ebb63bb1694b2413ef', '2019-01-07 13:22:19'), ('3326', '152', 'update_date', '更新时间', 'timestamp', 'updateDate', '0', '1', '0', '0', '0', '0', '0', '0', '140', '', 'be50e868ce4841ebb63bb1694b2413ef', '2019-01-07 13:22:19', 'be50e868ce4841ebb63bb1694b2413ef', '2019-01-07 13:22:19'), ('3327', '152', 'create_by', '创建人', 'varchar(255)', 'createBy', '0', '1', '0', '0', '0', '0', '0', '0', '150', '', 'be50e868ce4841ebb63bb1694b2413ef', '2019-01-07 13:22:19', 'be50e868ce4841ebb63bb1694b2413ef', '2019-01-07 13:22:19'), ('3328', '152', 'update_by', '更新人', 'varchar(255)', 'updateBy', '0', '1', '0', '0', '0', '0', '0', '0', '160', '', 'be50e868ce4841ebb63bb1694b2413ef', '2019-01-07 13:22:19', 'be50e868ce4841ebb63bb1694b2413ef', '2019-01-07 13:22:19'), ('3330', '154', 'id', '主键', 'int(11)', 'id', '1', '1', '0', '0', '0', '0', '0', '0', '10', '', 'be50e868ce4841ebb63bb1694b2413ef', '2019-01-16 14:11:26', 'be50e868ce4841ebb63bb1694b2413ef', '2019-01-16 14:11:26'), ('3331', '154', 'ip', '主机地址', 'varchar(64)', 'ip', '0', '1', '0', '0', '0', '0', '0', '0', '20', '', 'be50e868ce4841ebb63bb1694b2413ef', '2019-01-16 14:11:26', 'be50e868ce4841ebb63bb1694b2413ef', '2019-01-16 14:11:26'), ('3332', '154', 'user_name', '用户', 'varchar(20)', 'userName', '0', '1', '0', '0', '0', '0', '0', '0', '30', '', 'be50e868ce4841ebb63bb1694b2413ef', '2019-01-16 14:11:26', 'be50e868ce4841ebb63bb1694b2413ef', '2019-01-16 14:11:26'), ('3333', '154', 'action_type', '操作类型', 'int(5)', 'actionType', '0', '1', '0', '0', '0', '0', '0', '0', '40', '', 'be50e868ce4841ebb63bb1694b2413ef', '2019-01-16 14:11:26', 'be50e868ce4841ebb63bb1694b2413ef', '2019-01-16 14:11:26'), ('3334', '154', 'action_data', '行为数据', 'varchar(255)', 'actionData', '0', '1', '0', '0', '0', '0', '0', '0', '50', '', 'be50e868ce4841ebb63bb1694b2413ef', '2019-01-16 14:11:26', 'be50e868ce4841ebb63bb1694b2413ef', '2019-01-16 14:11:26'), ('3335', '154', 'remark', '备注', 'varchar(255)', 'remark', '0', '1', '0', '0', '0', '0', '0', '0', '60', '', 'be50e868ce4841ebb63bb1694b2413ef', '2019-01-16 14:11:26', 'be50e868ce4841ebb63bb1694b2413ef', '2019-01-16 14:11:26'), ('3336', '154', 'create_date', '创建时间', 'timestamp', 'createDate', '0', '1', '0', '0', '0', '0', '0', '0', '70', '', 'be50e868ce4841ebb63bb1694b2413ef', '2019-01-16 14:11:26', 'be50e868ce4841ebb63bb1694b2413ef', '2019-01-16 14:11:26'), ('3337', '154', 'create_by', '创建人', 'varchar(64)', 'createBy', '0', '1', '0', '0', '0', '0', '0', '0', '80', '', 'be50e868ce4841ebb63bb1694b2413ef', '2019-01-16 14:11:26', 'be50e868ce4841ebb63bb1694b2413ef', '2019-01-16 14:11:26'), ('3338', '154', 'update_date', '更新时间', 'timestamp', 'updateDate', '0', '1', '0', '0', '0', '0', '0', '0', '90', '', 'be50e868ce4841ebb63bb1694b2413ef', '2019-01-16 14:11:26', 'be50e868ce4841ebb63bb1694b2413ef', '2019-01-16 14:11:26'), ('3339', '154', 'update_by', '更新人', 'varchar(64)', 'updateBy', '0', '1', '0', '0', '0', '0', '0', '0', '100', '', 'be50e868ce4841ebb63bb1694b2413ef', '2019-01-16 14:11:26', 'be50e868ce4841ebb63bb1694b2413ef', '2019-01-16 14:11:26'), ('3340', '155', 'id', '', 'int(11)', 'id', '1', '1', '0', '0', '0', '0', '0', '0', '10', '', 'be50e868ce4841ebb63bb1694b2413ef', '2019-01-16 14:11:26', 'be50e868ce4841ebb63bb1694b2413ef', '2019-01-16 14:11:26'), ('3341', '155', 'name', '名称', 'varchar(20)', 'name', '0', '1', '0', '0', '0', '0', '0', '0', '20', '', 'be50e868ce4841ebb63bb1694b2413ef', '2019-01-16 14:11:26', 'be50e868ce4841ebb63bb1694b2413ef', '2019-01-16 14:11:26'), ('3342', '155', 'description', '描述', 'varchar(50)', 'description', '0', '1', '0', '0', '0', '0', '0', '0', '30', '', 'be50e868ce4841ebb63bb1694b2413ef', '2019-01-16 14:11:26', 'be50e868ce4841ebb63bb1694b2413ef', '2019-01-16 14:11:26'), ('3343', '155', 'sys_namespace_id', '名称空间', 'int(11)', 'sysNamespaceId', '0', '1', '0', '0', '0', '0', '0', '0', '40', '', 'be50e868ce4841ebb63bb1694b2413ef', '2019-01-16 14:11:26', 'be50e868ce4841ebb63bb1694b2413ef', '2019-01-16 14:11:26'), ('3344', '155', 'remark', '备注', 'varchar(255)', 'remark', '0', '1', '0', '0', '0', '0', '0', '0', '50', '', 'be50e868ce4841ebb63bb1694b2413ef', '2019-01-16 14:11:26', 'be50e868ce4841ebb63bb1694b2413ef', '2019-01-16 14:11:26'), ('3345', '155', 'create_date', '创建时间', 'datetime', 'createDate', '0', '1', '0', '0', '0', '0', '0', '0', '60', '', 'be50e868ce4841ebb63bb1694b2413ef', '2019-01-16 14:11:26', 'be50e868ce4841ebb63bb1694b2413ef', '2019-01-16 14:11:26'), ('3346', '155', 'create_by', '创建人', 'varchar(64)', 'createBy', '0', '1', '0', '0', '0', '0', '0', '0', '70', '', 'be50e868ce4841ebb63bb1694b2413ef', '2019-01-16 14:11:26', 'be50e868ce4841ebb63bb1694b2413ef', '2019-01-16 14:11:26'), ('3347', '155', 'update_date', '更新时间', 'datetime', 'updateDate', '0', '1', '0', '0', '0', '0', '0', '0', '80', '', 'be50e868ce4841ebb63bb1694b2413ef', '2019-01-16 14:11:26', 'be50e868ce4841ebb63bb1694b2413ef', '2019-01-16 14:11:26'), ('3348', '155', 'update_by', '更新人', 'varchar(64)', 'updateBy', '0', '1', '0', '0', '0', '0', '0', '0', '90', '', 'be50e868ce4841ebb63bb1694b2413ef', '2019-01-16 14:11:26', 'be50e868ce4841ebb63bb1694b2413ef', '2019-01-16 14:11:26'), ('3349', '156', 'id', '主键', 'int(11)', 'id', '1', '1', '0', '0', '0', '0', '0', '0', '10', '', 'be50e868ce4841ebb63bb1694b2413ef', '2019-01-16 14:11:26', 'be50e868ce4841ebb63bb1694b2413ef', '2019-01-16 14:11:26'), ('3350', '156', 'gen_field_id', '关联gen_field', 'int(11)', 'genFieldId', '0', '1', '0', '0', '0', '0', '0', '0', '20', '', 'be50e868ce4841ebb63bb1694b2413ef', '2019-01-16 14:11:26', 'be50e868ce4841ebb63bb1694b2413ef', '2019-01-16 14:11:26'), ('3351', '156', 'name', '名称', 'varchar(20)', 'name', '0', '1', '0', '0', '0', '0', '0', '0', '30', '', 'be50e868ce4841ebb63bb1694b2413ef', '2019-01-16 14:11:26', 'be50e868ce4841ebb63bb1694b2413ef', '2019-01-16 14:11:26'), ('3352', '156', 'is_null', '是否允许为空', 'int(1)', 'isNull', '0', '1', '0', '0', '0', '0', '0', '0', '40', '', 'be50e868ce4841ebb63bb1694b2413ef', '2019-01-16 14:11:26', 'be50e868ce4841ebb63bb1694b2413ef', '2019-01-16 14:11:26'), ('3353', '156', 'default_value', '默认值', 'varchar(30)', 'defaultValue', '0', '1', '0', '0', '0', '0', '0', '0', '50', '', 'be50e868ce4841ebb63bb1694b2413ef', '2019-01-16 14:11:26', 'be50e868ce4841ebb63bb1694b2413ef', '2019-01-16 14:11:26'), ('3354', '156', 'description', '描述', 'varchar(50)', 'description', '0', '1', '0', '0', '0', '0', '0', '0', '60', '', 'be50e868ce4841ebb63bb1694b2413ef', '2019-01-16 14:11:26', 'be50e868ce4841ebb63bb1694b2413ef', '2019-01-16 14:11:26'), ('3355', '156', 'remark', '备注', 'varchar(255)', 'remark', '0', '1', '0', '0', '0', '0', '0', '0', '70', '', 'be50e868ce4841ebb63bb1694b2413ef', '2019-01-16 14:11:26', 'be50e868ce4841ebb63bb1694b2413ef', '2019-01-16 14:11:26'), ('3356', '156', 'create_date', '创建时间', 'datetime', 'createDate', '0', '1', '0', '0', '0', '0', '0', '0', '80', '', 'be50e868ce4841ebb63bb1694b2413ef', '2019-01-16 14:11:26', 'be50e868ce4841ebb63bb1694b2413ef', '2019-01-16 14:11:26'), ('3357', '156', 'create_by', '创建人', 'varchar(64)', 'createBy', '0', '1', '0', '0', '0', '0', '0', '0', '90', '', 'be50e868ce4841ebb63bb1694b2413ef', '2019-01-16 14:11:26', 'be50e868ce4841ebb63bb1694b2413ef', '2019-01-16 14:11:26'), ('3358', '156', 'update_date', '更新时间', 'datetime', 'updateDate', '0', '1', '0', '0', '0', '0', '0', '0', '100', '', 'be50e868ce4841ebb63bb1694b2413ef', '2019-01-16 14:11:26', 'be50e868ce4841ebb63bb1694b2413ef', '2019-01-16 14:11:26'), ('3359', '156', 'update_by', '更新人', 'varchar(64)', 'updateBy', '0', '1', '0', '0', '0', '0', '0', '0', '110', '', 'be50e868ce4841ebb63bb1694b2413ef', '2019-01-16 14:11:26', 'be50e868ce4841ebb63bb1694b2413ef', '2019-01-16 14:11:26'), ('3360', '157', 'id', '编号', 'int(11)', 'id', '1', '1', '0', '0', '0', '0', '0', '0', '10', '', 'be50e868ce4841ebb63bb1694b2413ef', '2019-01-16 14:11:26', 'be50e868ce4841ebb63bb1694b2413ef', '2019-01-16 14:11:26'), ('3361', '157', 'name', '名称', 'varchar(30)', 'name', '0', '1', '0', '0', '0', '0', '0', '0', '20', '', 'be50e868ce4841ebb63bb1694b2413ef', '2019-01-16 14:11:26', 'be50e868ce4841ebb63bb1694b2413ef', '2019-01-16 14:11:26'), ('3362', '157', 'comment', '解释', 'varchar(50)', 'comment', '0', '1', '0', '0', '0', '0', '0', '0', '30', '', 'be50e868ce4841ebb63bb1694b2413ef', '2019-01-16 14:11:26', 'be50e868ce4841ebb63bb1694b2413ef', '2019-01-16 14:11:26'), ('3363', '157', 'class_name', '实体类名称', 'varchar(30)', 'className', '0', '1', '0', '0', '0', '0', '0', '0', '40', '', 'be50e868ce4841ebb63bb1694b2413ef', '2019-01-16 14:11:26', 'be50e868ce4841ebb63bb1694b2413ef', '2019-01-16 14:11:26');
INSERT INTO `gen_table_column` VALUES ('3364', '157', 'parent_table_id', '关联父表', 'varchar(20)', 'parentTableId', '0', '1', '0', '0', '0', '0', '0', '0', '50', '', 'be50e868ce4841ebb63bb1694b2413ef', '2019-01-16 14:11:26', 'be50e868ce4841ebb63bb1694b2413ef', '2019-01-16 14:11:26'), ('3365', '157', 'parent_table_fk', '关联父表外键', 'varchar(10)', 'parentTableFk', '0', '1', '0', '0', '0', '0', '0', '0', '60', '', 'be50e868ce4841ebb63bb1694b2413ef', '2019-01-16 14:11:26', 'be50e868ce4841ebb63bb1694b2413ef', '2019-01-16 14:11:26'), ('3366', '157', 'sys_namespace_id', '命名空间', 'int(11)', 'sysNamespaceId', '0', '1', '0', '0', '0', '0', '0', '0', '70', '', 'be50e868ce4841ebb63bb1694b2413ef', '2019-01-16 14:11:26', 'be50e868ce4841ebb63bb1694b2413ef', '2019-01-16 14:11:26'), ('3367', '157', 'sys_dbsource_id', '关联数据源', 'int(11)', 'sysDbsourceId', '0', '1', '0', '0', '0', '0', '0', '0', '80', '', 'be50e868ce4841ebb63bb1694b2413ef', '2019-01-16 14:11:26', 'be50e868ce4841ebb63bb1694b2413ef', '2019-01-16 14:11:26'), ('3368', '157', 'remark', '备注信息', 'varchar(255)', 'remark', '0', '1', '0', '0', '0', '0', '0', '0', '90', '', 'be50e868ce4841ebb63bb1694b2413ef', '2019-01-16 14:11:26', 'be50e868ce4841ebb63bb1694b2413ef', '2019-01-16 14:11:26'), ('3369', '157', 'create_by', '创建者', 'varchar(64)', 'createBy', '0', '1', '0', '0', '0', '0', '0', '0', '100', '', 'be50e868ce4841ebb63bb1694b2413ef', '2019-01-16 14:11:26', 'be50e868ce4841ebb63bb1694b2413ef', '2019-01-16 14:11:26'), ('3370', '157', 'create_date', '创建时间', 'datetime', 'createDate', '0', '1', '0', '0', '0', '0', '0', '0', '110', '', 'be50e868ce4841ebb63bb1694b2413ef', '2019-01-16 14:11:26', 'be50e868ce4841ebb63bb1694b2413ef', '2019-01-16 14:11:26'), ('3371', '157', 'update_by', '更新者', 'varchar(64)', 'updateBy', '0', '1', '0', '0', '0', '0', '0', '0', '120', '', 'be50e868ce4841ebb63bb1694b2413ef', '2019-01-16 14:11:26', 'be50e868ce4841ebb63bb1694b2413ef', '2019-01-16 14:11:26'), ('3372', '157', 'update_date', '更新时间', 'datetime', 'updateDate', '0', '1', '0', '0', '0', '0', '0', '0', '130', '', 'be50e868ce4841ebb63bb1694b2413ef', '2019-01-16 14:11:26', 'be50e868ce4841ebb63bb1694b2413ef', '2019-01-16 14:11:26'), ('3373', '158', 'id', '主键', 'int(11)', 'id', '1', '1', '0', '0', '0', '0', '0', '0', '10', '', 'be50e868ce4841ebb63bb1694b2413ef', '2019-01-16 14:11:26', 'be50e868ce4841ebb63bb1694b2413ef', '2019-01-16 14:11:26'), ('3374', '158', 'gen_table_id', '归属表编号', 'int(11)', 'genTableId', '0', '1', '0', '0', '0', '0', '0', '0', '20', '', 'be50e868ce4841ebb63bb1694b2413ef', '2019-01-16 14:11:26', 'be50e868ce4841ebb63bb1694b2413ef', '2019-01-16 14:11:26'), ('3375', '158', 'name', '名称', 'varchar(30)', 'name', '0', '1', '0', '0', '0', '0', '0', '0', '30', '', 'be50e868ce4841ebb63bb1694b2413ef', '2019-01-16 14:11:26', 'be50e868ce4841ebb63bb1694b2413ef', '2019-01-16 14:11:26'), ('3376', '158', 'comment', '解释', 'varchar(50)', 'comment', '0', '1', '0', '0', '0', '0', '0', '0', '40', '', 'be50e868ce4841ebb63bb1694b2413ef', '2019-01-16 14:11:26', 'be50e868ce4841ebb63bb1694b2413ef', '2019-01-16 14:11:26'), ('3377', '158', 'jdbc_type', 'jdbc类型', 'varchar(50)', 'jdbcType', '0', '1', '0', '0', '0', '0', '0', '0', '50', '', 'be50e868ce4841ebb63bb1694b2413ef', '2019-01-16 14:11:26', 'be50e868ce4841ebb63bb1694b2413ef', '2019-01-16 14:11:26'), ('3378', '158', 'field', 'JAVA字段名', 'varchar(50)', 'field', '0', '1', '0', '0', '0', '0', '0', '0', '60', '', 'be50e868ce4841ebb63bb1694b2413ef', '2019-01-16 14:11:26', 'be50e868ce4841ebb63bb1694b2413ef', '2019-01-16 14:11:26'), ('3379', '158', 'is_key', '是否为主键', 'int(1)', 'isKey', '0', '1', '0', '0', '0', '0', '0', '0', '70', '', 'be50e868ce4841ebb63bb1694b2413ef', '2019-01-16 14:11:26', 'be50e868ce4841ebb63bb1694b2413ef', '2019-01-16 14:11:26'), ('3380', '158', 'is_null', '是否可为空', 'int(1)', 'isNull', '0', '1', '0', '0', '0', '0', '0', '0', '80', '', 'be50e868ce4841ebb63bb1694b2413ef', '2019-01-16 14:11:26', 'be50e868ce4841ebb63bb1694b2413ef', '2019-01-16 14:11:26'), ('3381', '158', 'is_insert', '是否为插入字段', 'int(1)', 'isInsert', '0', '1', '0', '0', '0', '0', '0', '0', '90', '', 'be50e868ce4841ebb63bb1694b2413ef', '2019-01-16 14:11:26', 'be50e868ce4841ebb63bb1694b2413ef', '2019-01-16 14:11:26'), ('3382', '158', 'is_edit', '是否编辑字段', 'int(1)', 'isEdit', '0', '1', '0', '0', '0', '0', '0', '0', '100', '', 'be50e868ce4841ebb63bb1694b2413ef', '2019-01-16 14:11:26', 'be50e868ce4841ebb63bb1694b2413ef', '2019-01-16 14:11:26'), ('3383', '158', 'is_list', '是否列表字段', 'int(1)', 'isList', '0', '1', '0', '0', '0', '0', '0', '0', '110', '', 'be50e868ce4841ebb63bb1694b2413ef', '2019-01-16 14:11:26', 'be50e868ce4841ebb63bb1694b2413ef', '2019-01-16 14:11:26'), ('3384', '158', 'is_query', '是否查询字段', 'int(1)', 'isQuery', '0', '1', '0', '0', '0', '0', '0', '0', '120', '', 'be50e868ce4841ebb63bb1694b2413ef', '2019-01-16 14:11:26', 'be50e868ce4841ebb63bb1694b2413ef', '2019-01-16 14:11:26'), ('3385', '158', 'query_type', '查询方式', 'int(1)', 'queryType', '0', '1', '0', '0', '0', '0', '0', '0', '130', '', 'be50e868ce4841ebb63bb1694b2413ef', '2019-01-16 14:11:26', 'be50e868ce4841ebb63bb1694b2413ef', '2019-01-16 14:11:26'), ('3386', '158', 'form_type', '表单类型', 'int(1)', 'formType', '0', '1', '0', '0', '0', '0', '0', '0', '140', '', 'be50e868ce4841ebb63bb1694b2413ef', '2019-01-16 14:11:26', 'be50e868ce4841ebb63bb1694b2413ef', '2019-01-16 14:11:26'), ('3387', '158', 'sort', '排序', 'int(8)', 'sort', '0', '1', '0', '0', '0', '0', '0', '0', '150', '', 'be50e868ce4841ebb63bb1694b2413ef', '2019-01-16 14:11:26', 'be50e868ce4841ebb63bb1694b2413ef', '2019-01-16 14:11:26'), ('3388', '158', 'remark', '备注信息', 'varchar(255)', 'remark', '0', '1', '0', '0', '0', '0', '0', '0', '160', '', 'be50e868ce4841ebb63bb1694b2413ef', '2019-01-16 14:11:26', 'be50e868ce4841ebb63bb1694b2413ef', '2019-01-16 14:11:26'), ('3389', '158', 'create_by', '创建者', 'varchar(64)', 'createBy', '0', '1', '0', '0', '0', '0', '0', '0', '170', '', 'be50e868ce4841ebb63bb1694b2413ef', '2019-01-16 14:11:26', 'be50e868ce4841ebb63bb1694b2413ef', '2019-01-16 14:11:26'), ('3390', '158', 'create_date', '创建时间', 'datetime', 'createDate', '0', '1', '0', '0', '0', '0', '0', '0', '180', '', 'be50e868ce4841ebb63bb1694b2413ef', '2019-01-16 14:11:26', 'be50e868ce4841ebb63bb1694b2413ef', '2019-01-16 14:11:26'), ('3391', '158', 'update_by', '更新者', 'varchar(64)', 'updateBy', '0', '1', '0', '0', '0', '0', '0', '0', '190', '', 'be50e868ce4841ebb63bb1694b2413ef', '2019-01-16 14:11:26', 'be50e868ce4841ebb63bb1694b2413ef', '2019-01-16 14:11:26'), ('3392', '158', 'update_date', '更新时间', 'datetime', 'updateDate', '0', '1', '0', '0', '0', '0', '0', '0', '200', '', 'be50e868ce4841ebb63bb1694b2413ef', '2019-01-16 14:11:26', 'be50e868ce4841ebb63bb1694b2413ef', '2019-01-16 14:11:26'), ('3393', '159', 'id', '主键', 'int(11)', 'id', '1', '1', '0', '0', '0', '0', '0', '0', '10', '', 'be50e868ce4841ebb63bb1694b2413ef', '2019-01-16 14:11:26', 'be50e868ce4841ebb63bb1694b2413ef', '2019-01-16 14:11:26'), ('3394', '159', 'name', '名称', 'varchar(20)', 'name', '0', '1', '0', '0', '0', '0', '0', '0', '20', '', 'be50e868ce4841ebb63bb1694b2413ef', '2019-01-16 14:11:26', 'be50e868ce4841ebb63bb1694b2413ef', '2019-01-16 14:11:26'), ('3395', '159', 'sys_namespace_id', '所属命名空间', 'int(11)', 'sysNamespaceId', '0', '1', '0', '0', '0', '0', '0', '0', '30', '', 'be50e868ce4841ebb63bb1694b2413ef', '2019-01-16 14:11:26', 'be50e868ce4841ebb63bb1694b2413ef', '2019-01-16 14:11:26'), ('3396', '159', 'language', '语言', 'int(1)', 'language', '0', '1', '0', '0', '0', '0', '0', '0', '40', '', 'be50e868ce4841ebb63bb1694b2413ef', '2019-01-16 14:11:26', 'be50e868ce4841ebb63bb1694b2413ef', '2019-01-16 14:11:26'), ('3397', '159', 'gen_field_id', '关联gen_field', 'int(11)', 'genFieldId', '0', '1', '0', '0', '0', '0', '0', '0', '50', '', 'be50e868ce4841ebb63bb1694b2413ef', '2019-01-16 14:11:26', 'be50e868ce4841ebb63bb1694b2413ef', '2019-01-16 14:11:26'), ('3398', '159', 'file_base_path', '模版文件基础路径', 'varchar(100)', 'fileBasePath', '0', '1', '0', '0', '0', '0', '0', '0', '60', '', 'be50e868ce4841ebb63bb1694b2413ef', '2019-01-16 14:11:26', 'be50e868ce4841ebb63bb1694b2413ef', '2019-01-16 14:11:26'), ('3399', '159', 'wiki_uri', 'wiki地址', 'varchar(100)', 'wikiUri', '0', '1', '0', '0', '0', '0', '0', '0', '70', '', 'be50e868ce4841ebb63bb1694b2413ef', '2019-01-16 14:11:26', 'be50e868ce4841ebb63bb1694b2413ef', '2019-01-16 14:11:26'), ('3400', '159', 'description', '描述', 'varchar(50)', 'description', '0', '1', '0', '0', '0', '0', '0', '0', '80', '', 'be50e868ce4841ebb63bb1694b2413ef', '2019-01-16 14:11:26', 'be50e868ce4841ebb63bb1694b2413ef', '2019-01-16 14:11:26'), ('3401', '159', 'remark', '备注', 'varchar(255)', 'remark', '0', '1', '0', '0', '0', '0', '0', '0', '90', '', 'be50e868ce4841ebb63bb1694b2413ef', '2019-01-16 14:11:26', 'be50e868ce4841ebb63bb1694b2413ef', '2019-01-16 14:11:26'), ('3402', '159', 'create_date', '创建时间', 'datetime', 'createDate', '0', '1', '0', '0', '0', '0', '0', '0', '100', '', 'be50e868ce4841ebb63bb1694b2413ef', '2019-01-16 14:11:26', 'be50e868ce4841ebb63bb1694b2413ef', '2019-01-16 14:11:26'), ('3403', '159', 'create_by', '创建人', 'varchar(64)', 'createBy', '0', '1', '0', '0', '0', '0', '0', '0', '110', '', 'be50e868ce4841ebb63bb1694b2413ef', '2019-01-16 14:11:26', 'be50e868ce4841ebb63bb1694b2413ef', '2019-01-16 14:11:26'), ('3404', '159', 'update_date', '更新时间', 'datetime', 'updateDate', '0', '1', '0', '0', '0', '0', '0', '0', '120', '', 'be50e868ce4841ebb63bb1694b2413ef', '2019-01-16 14:11:26', 'be50e868ce4841ebb63bb1694b2413ef', '2019-01-16 14:11:26'), ('3405', '159', 'update_by', '更新人', 'varchar(64)', 'updateBy', '0', '1', '0', '0', '0', '0', '0', '0', '130', '', 'be50e868ce4841ebb63bb1694b2413ef', '2019-01-16 14:11:26', 'be50e868ce4841ebb63bb1694b2413ef', '2019-01-16 14:11:26'), ('3406', '160', 'id', '主键', 'int(11)', 'id', '1', '1', '0', '0', '0', '0', '0', '0', '10', '', 'be50e868ce4841ebb63bb1694b2413ef', '2019-01-16 14:11:26', 'be50e868ce4841ebb63bb1694b2413ef', '2019-01-16 14:11:26'), ('3407', '160', 'key_name', '关键字', 'varchar(20)', 'keyName', '0', '1', '0', '0', '0', '0', '0', '0', '20', '', 'be50e868ce4841ebb63bb1694b2413ef', '2019-01-16 14:11:26', 'be50e868ce4841ebb63bb1694b2413ef', '2019-01-16 14:11:26'), ('3408', '160', 'url', '连接串', 'varchar(150)', 'url', '0', '1', '0', '0', '0', '0', '0', '0', '30', '', 'be50e868ce4841ebb63bb1694b2413ef', '2019-01-16 14:11:26', 'be50e868ce4841ebb63bb1694b2413ef', '2019-01-16 14:11:26'), ('3409', '160', 'user_name', '用户名', 'varchar(20)', 'userName', '0', '1', '0', '0', '0', '0', '0', '0', '40', '', 'be50e868ce4841ebb63bb1694b2413ef', '2019-01-16 14:11:26', 'be50e868ce4841ebb63bb1694b2413ef', '2019-01-16 14:11:26'), ('3410', '160', 'password', '密码', 'varchar(64)', 'password', '0', '1', '0', '0', '0', '0', '0', '0', '50', '', 'be50e868ce4841ebb63bb1694b2413ef', '2019-01-16 14:11:26', 'be50e868ce4841ebb63bb1694b2413ef', '2019-01-16 14:11:26'), ('3411', '160', 'permission', '权限控制', 'varchar(50)', 'permission', '0', '1', '0', '0', '0', '0', '0', '0', '60', '', 'be50e868ce4841ebb63bb1694b2413ef', '2019-01-16 14:11:26', 'be50e868ce4841ebb63bb1694b2413ef', '2019-01-16 14:11:26'), ('3412', '160', 'Usable', '是否可用 1.可用 2.不可用', 'int(1)', 'usable', '0', '1', '0', '0', '0', '0', '0', '0', '70', '', 'be50e868ce4841ebb63bb1694b2413ef', '2019-01-16 14:11:26', 'be50e868ce4841ebb63bb1694b2413ef', '2019-01-16 14:11:26'), ('3413', '160', 'remark', '备注', 'varchar(255)', 'remark', '0', '1', '0', '0', '0', '0', '0', '0', '80', '', 'be50e868ce4841ebb63bb1694b2413ef', '2019-01-16 14:11:26', 'be50e868ce4841ebb63bb1694b2413ef', '2019-01-16 14:11:26'), ('3414', '160', 'del_flag', '逻辑删除', 'int(1)', 'delFlag', '0', '1', '0', '0', '0', '0', '0', '0', '90', '', 'be50e868ce4841ebb63bb1694b2413ef', '2019-01-16 14:11:26', 'be50e868ce4841ebb63bb1694b2413ef', '2019-01-16 14:11:26'), ('3415', '160', 'create_date', '创建时间', 'datetime', 'createDate', '0', '1', '0', '0', '0', '0', '0', '0', '100', '', 'be50e868ce4841ebb63bb1694b2413ef', '2019-01-16 14:11:26', 'be50e868ce4841ebb63bb1694b2413ef', '2019-01-16 14:11:26'), ('3416', '160', 'create_by', '创建人', 'varchar(64)', 'createBy', '0', '1', '0', '0', '0', '0', '0', '0', '110', '', 'be50e868ce4841ebb63bb1694b2413ef', '2019-01-16 14:11:26', 'be50e868ce4841ebb63bb1694b2413ef', '2019-01-16 14:11:26'), ('3417', '160', 'update_date', '更新时间', 'datetime', 'updateDate', '0', '1', '0', '0', '0', '0', '0', '0', '120', '', 'be50e868ce4841ebb63bb1694b2413ef', '2019-01-16 14:11:26', 'be50e868ce4841ebb63bb1694b2413ef', '2019-01-16 14:11:26'), ('3418', '160', 'update_by', '更新人', 'varchar(64)', 'updateBy', '0', '1', '0', '0', '0', '0', '0', '0', '130', '', 'be50e868ce4841ebb63bb1694b2413ef', '2019-01-16 14:11:26', 'be50e868ce4841ebb63bb1694b2413ef', '2019-01-16 14:11:26'), ('3419', '161', 'id', '主键', 'int(11)', 'id', '1', '1', '0', '0', '0', '0', '0', '0', '10', '', 'be50e868ce4841ebb63bb1694b2413ef', '2019-01-16 14:11:26', 'be50e868ce4841ebb63bb1694b2413ef', '2019-01-16 14:11:26'), ('3420', '161', 'type', '类型', 'varchar(50)', 'type', '0', '1', '0', '0', '0', '0', '0', '0', '20', '', 'be50e868ce4841ebb63bb1694b2413ef', '2019-01-16 14:11:26', 'be50e868ce4841ebb63bb1694b2413ef', '2019-01-16 14:11:26'), ('3421', '161', 'name', '名称', 'varchar(20)', 'name', '0', '1', '0', '0', '0', '0', '0', '0', '30', '', 'be50e868ce4841ebb63bb1694b2413ef', '2019-01-16 14:11:26', 'be50e868ce4841ebb63bb1694b2413ef', '2019-01-16 14:11:26'), ('3422', '161', 'label', '标签', 'varchar(20)', 'label', '0', '1', '0', '0', '0', '0', '0', '0', '40', '', 'be50e868ce4841ebb63bb1694b2413ef', '2019-01-16 14:11:26', 'be50e868ce4841ebb63bb1694b2413ef', '2019-01-16 14:11:26'), ('3423', '161', 'value', '值', 'int(5)', 'value', '0', '1', '0', '0', '0', '0', '0', '0', '50', '', 'be50e868ce4841ebb63bb1694b2413ef', '2019-01-16 14:11:26', 'be50e868ce4841ebb63bb1694b2413ef', '2019-01-16 14:11:26'), ('3424', '161', 'description', '描述', 'varchar(50)', 'description', '0', '1', '0', '0', '0', '0', '0', '0', '60', '', 'be50e868ce4841ebb63bb1694b2413ef', '2019-01-16 14:11:26', 'be50e868ce4841ebb63bb1694b2413ef', '2019-01-16 14:11:26'), ('3425', '161', 'sys_namespace_id', '关联命名空间', 'int(11)', 'sysNamespaceId', '0', '1', '0', '0', '0', '0', '0', '0', '70', '', 'be50e868ce4841ebb63bb1694b2413ef', '2019-01-16 14:11:26', 'be50e868ce4841ebb63bb1694b2413ef', '2019-01-16 14:11:26'), ('3426', '161', 'remark', '备注', 'varchar(255)', 'remark', '0', '1', '0', '0', '0', '0', '0', '0', '80', '', 'be50e868ce4841ebb63bb1694b2413ef', '2019-01-16 14:11:26', 'be50e868ce4841ebb63bb1694b2413ef', '2019-01-16 14:11:26'), ('3427', '161', 'create_by', '创建人', 'varchar(64)', 'createBy', '0', '1', '0', '0', '0', '0', '0', '0', '90', '', 'be50e868ce4841ebb63bb1694b2413ef', '2019-01-16 14:11:26', 'be50e868ce4841ebb63bb1694b2413ef', '2019-01-16 14:11:26'), ('3428', '161', 'create_date', '创建时间', 'datetime', 'createDate', '0', '1', '0', '0', '0', '0', '0', '0', '100', '', 'be50e868ce4841ebb63bb1694b2413ef', '2019-01-16 14:11:26', 'be50e868ce4841ebb63bb1694b2413ef', '2019-01-16 14:11:26'), ('3429', '161', 'update_by', '更新人', 'varchar(64)', 'updateBy', '0', '1', '0', '0', '0', '0', '0', '0', '110', '', 'be50e868ce4841ebb63bb1694b2413ef', '2019-01-16 14:11:26', 'be50e868ce4841ebb63bb1694b2413ef', '2019-01-16 14:11:26'), ('3430', '161', 'update_date', '更新时间', 'datetime', 'updateDate', '0', '1', '0', '0', '0', '0', '0', '0', '120', '', 'be50e868ce4841ebb63bb1694b2413ef', '2019-01-16 14:11:26', 'be50e868ce4841ebb63bb1694b2413ef', '2019-01-16 14:11:26'), ('3431', '162', 'id', '索引', 'int(11)', 'id', '1', '1', '0', '0', '0', '0', '0', '0', '10', '', 'be50e868ce4841ebb63bb1694b2413ef', '2019-01-16 14:11:26', 'be50e868ce4841ebb63bb1694b2413ef', '2019-01-16 14:11:26'), ('3432', '162', 'name', '菜单名', 'varchar(20)', 'name', '0', '1', '0', '0', '0', '0', '0', '0', '20', '', 'be50e868ce4841ebb63bb1694b2413ef', '2019-01-16 14:11:26', 'be50e868ce4841ebb63bb1694b2413ef', '2019-01-16 14:11:26'), ('3433', '162', 'label', '标签', 'varchar(20)', 'label', '0', '1', '0', '0', '0', '0', '0', '0', '30', '', 'be50e868ce4841ebb63bb1694b2413ef', '2019-01-16 14:11:26', 'be50e868ce4841ebb63bb1694b2413ef', '2019-01-16 14:11:26'), ('3434', '162', 'parent_id', '父菜单索引', 'varchar(11)', 'parentId', '0', '1', '0', '0', '0', '0', '0', '0', '40', '', 'be50e868ce4841ebb63bb1694b2413ef', '2019-01-16 14:11:26', 'be50e868ce4841ebb63bb1694b2413ef', '2019-01-16 14:11:26'), ('3435', '162', 'parent_ids', '所有父菜单索引', 'varchar(255)', 'parentIds', '0', '1', '0', '0', '0', '0', '0', '0', '50', '', 'be50e868ce4841ebb63bb1694b2413ef', '2019-01-16 14:11:26', 'be50e868ce4841ebb63bb1694b2413ef', '2019-01-16 14:11:26'), ('3436', '162', 'level', '菜单等级', 'int(5)', 'level', '0', '1', '0', '0', '0', '0', '0', '0', '60', '', 'be50e868ce4841ebb63bb1694b2413ef', '2019-01-16 14:11:26', 'be50e868ce4841ebb63bb1694b2413ef', '2019-01-16 14:11:26'), ('3437', '162', 'module_label', '模块菜单标签', 'varchar(20)', 'moduleLabel', '0', '1', '0', '0', '0', '0', '0', '0', '70', '', 'be50e868ce4841ebb63bb1694b2413ef', '2019-01-16 14:11:26', 'be50e868ce4841ebb63bb1694b2413ef', '2019-01-16 14:11:26'), ('3438', '162', 'sort', '排序', 'int(8)', 'sort', '0', '1', '0', '0', '0', '0', '0', '0', '80', '', 'be50e868ce4841ebb63bb1694b2413ef', '2019-01-16 14:11:26', 'be50e868ce4841ebb63bb1694b2413ef', '2019-01-16 14:11:26'), ('3439', '162', 'route', '路由', 'int(1)', 'route', '0', '1', '0', '0', '0', '0', '0', '0', '90', '', 'be50e868ce4841ebb63bb1694b2413ef', '2019-01-16 14:11:26', 'be50e868ce4841ebb63bb1694b2413ef', '2019-01-16 14:11:26'), ('3440', '162', 'permission', '权限', 'varchar(50)', 'permission', '0', '1', '0', '0', '0', '0', '0', '0', '100', '', 'be50e868ce4841ebb63bb1694b2413ef', '2019-01-16 14:11:26', 'be50e868ce4841ebb63bb1694b2413ef', '2019-01-16 14:11:26'), ('3441', '162', 'icon', '图标标识', 'varchar(255)', 'icon', '0', '1', '0', '0', '0', '0', '0', '0', '110', '', 'be50e868ce4841ebb63bb1694b2413ef', '2019-01-16 14:11:26', 'be50e868ce4841ebb63bb1694b2413ef', '2019-01-16 14:11:26'), ('3442', '162', 'is_icon', '是否显示图标', 'int(1)', 'isIcon', '0', '1', '0', '0', '0', '0', '0', '0', '120', '', 'be50e868ce4841ebb63bb1694b2413ef', '2019-01-16 14:11:26', 'be50e868ce4841ebb63bb1694b2413ef', '2019-01-16 14:11:26'), ('3443', '162', 'remark', '备注', 'varchar(255)', 'remark', '0', '1', '0', '0', '0', '0', '0', '0', '130', '', 'be50e868ce4841ebb63bb1694b2413ef', '2019-01-16 14:11:26', 'be50e868ce4841ebb63bb1694b2413ef', '2019-01-16 14:11:26'), ('3444', '162', 'create_by', '创建人', 'varchar(64)', 'createBy', '0', '1', '0', '0', '0', '0', '0', '0', '140', '', 'be50e868ce4841ebb63bb1694b2413ef', '2019-01-16 14:11:26', 'be50e868ce4841ebb63bb1694b2413ef', '2019-01-16 14:11:26'), ('3445', '162', 'create_date', '创建时间', 'datetime', 'createDate', '0', '1', '0', '0', '0', '0', '0', '0', '150', '', 'be50e868ce4841ebb63bb1694b2413ef', '2019-01-16 14:11:26', 'be50e868ce4841ebb63bb1694b2413ef', '2019-01-16 14:11:26'), ('3446', '162', 'update_by', '更新人', 'varchar(64)', 'updateBy', '0', '1', '0', '0', '0', '0', '0', '0', '160', '', 'be50e868ce4841ebb63bb1694b2413ef', '2019-01-16 14:11:26', 'be50e868ce4841ebb63bb1694b2413ef', '2019-01-16 14:11:26'), ('3447', '162', 'update_date', '更新时间', 'datetime', 'updateDate', '0', '1', '0', '0', '0', '0', '0', '0', '170', '', 'be50e868ce4841ebb63bb1694b2413ef', '2019-01-16 14:11:26', 'be50e868ce4841ebb63bb1694b2413ef', '2019-01-16 14:11:26'), ('3448', '163', 'id', '主键', 'int(11)', 'id', '1', '1', '0', '0', '0', '0', '0', '0', '10', '', 'be50e868ce4841ebb63bb1694b2413ef', '2019-01-16 14:11:26', 'be50e868ce4841ebb63bb1694b2413ef', '2019-01-16 14:11:26'), ('3449', '163', 'name', '名称', 'varchar(20)', 'name', '0', '1', '0', '0', '0', '0', '0', '0', '20', '', 'be50e868ce4841ebb63bb1694b2413ef', '2019-01-16 14:11:26', 'be50e868ce4841ebb63bb1694b2413ef', '2019-01-16 14:11:26'), ('3450', '163', 'description', '描述', 'varchar(50)', 'description', '0', '1', '0', '0', '0', '0', '0', '0', '30', '', 'be50e868ce4841ebb63bb1694b2413ef', '2019-01-16 14:11:26', 'be50e868ce4841ebb63bb1694b2413ef', '2019-01-16 14:11:26'), ('3451', '163', 'permission', '权限', 'varchar(50)', 'permission', '0', '1', '0', '0', '0', '0', '0', '0', '40', '', 'be50e868ce4841ebb63bb1694b2413ef', '2019-01-16 14:11:26', 'be50e868ce4841ebb63bb1694b2413ef', '2019-01-16 14:11:26'), ('3452', '163', 'remark', '备注', 'varchar(255)', 'remark', '0', '1', '0', '0', '0', '0', '0', '0', '50', '', 'be50e868ce4841ebb63bb1694b2413ef', '2019-01-16 14:11:26', 'be50e868ce4841ebb63bb1694b2413ef', '2019-01-16 14:11:26'), ('3453', '163', 'del_flag', '逻辑删除', 'int(1)', 'delFlag', '0', '1', '0', '0', '0', '0', '0', '0', '60', '', 'be50e868ce4841ebb63bb1694b2413ef', '2019-01-16 14:11:26', 'be50e868ce4841ebb63bb1694b2413ef', '2019-01-16 14:11:26'), ('3454', '163', 'create_date', '创建时间', 'datetime', 'createDate', '0', '1', '0', '0', '0', '0', '0', '0', '70', '', 'be50e868ce4841ebb63bb1694b2413ef', '2019-01-16 14:11:26', 'be50e868ce4841ebb63bb1694b2413ef', '2019-01-16 14:11:26'), ('3455', '163', 'create_by', '创建人', 'varchar(64)', 'createBy', '0', '1', '0', '0', '0', '0', '0', '0', '80', '', 'be50e868ce4841ebb63bb1694b2413ef', '2019-01-16 14:11:26', 'be50e868ce4841ebb63bb1694b2413ef', '2019-01-16 14:11:26'), ('3456', '163', 'update_date', '更新时间', 'datetime', 'updateDate', '0', '1', '0', '0', '0', '0', '0', '0', '90', '', 'be50e868ce4841ebb63bb1694b2413ef', '2019-01-16 14:11:26', 'be50e868ce4841ebb63bb1694b2413ef', '2019-01-16 14:11:26'), ('3457', '163', 'update_by', '更新人', 'varchar(64)', 'updateBy', '0', '1', '0', '0', '0', '0', '0', '0', '100', '', 'be50e868ce4841ebb63bb1694b2413ef', '2019-01-16 14:11:26', 'be50e868ce4841ebb63bb1694b2413ef', '2019-01-16 14:11:26'), ('3458', '164', 'id', '主键', 'int(11)', 'id', '1', '1', '0', '0', '0', '0', '0', '0', '10', '', 'be50e868ce4841ebb63bb1694b2413ef', '2019-01-16 14:11:26', 'be50e868ce4841ebb63bb1694b2413ef', '2019-01-16 14:11:26'), ('3459', '164', 'name', '名称', 'varchar(20)', 'name', '0', '1', '0', '0', '0', '0', '0', '0', '20', '', 'be50e868ce4841ebb63bb1694b2413ef', '2019-01-16 14:11:26', 'be50e868ce4841ebb63bb1694b2413ef', '2019-01-16 14:11:26'), ('3460', '164', 'enname', '英文名称', 'varchar(20)', 'enname', '0', '1', '0', '0', '0', '0', '0', '0', '30', '', 'be50e868ce4841ebb63bb1694b2413ef', '2019-01-16 14:11:26', 'be50e868ce4841ebb63bb1694b2413ef', '2019-01-16 14:11:26'), ('3461', '164', 'parent_id', '父级', 'varchar(11)', 'parentId', '0', '1', '0', '0', '0', '0', '0', '0', '40', '', 'be50e868ce4841ebb63bb1694b2413ef', '2019-01-16 14:11:26', 'be50e868ce4841ebb63bb1694b2413ef', '2019-01-16 14:11:26'), ('3462', '164', 'parent_ids', '所有父级', 'varchar(255)', 'parentIds', '0', '1', '0', '0', '0', '0', '0', '0', '50', '', 'be50e868ce4841ebb63bb1694b2413ef', '2019-01-16 14:11:26', 'be50e868ce4841ebb63bb1694b2413ef', '2019-01-16 14:11:26'), ('3463', '164', 'level', '等级', 'int(5)', 'level', '0', '1', '0', '0', '0', '0', '0', '0', '60', '', 'be50e868ce4841ebb63bb1694b2413ef', '2019-01-16 14:11:26', 'be50e868ce4841ebb63bb1694b2413ef', '2019-01-16 14:11:26'), ('3464', '164', 'sort', '排序', 'int(8)', 'sort', '0', '1', '0', '0', '0', '0', '0', '0', '70', '', 'be50e868ce4841ebb63bb1694b2413ef', '2019-01-16 14:11:26', 'be50e868ce4841ebb63bb1694b2413ef', '2019-01-16 14:11:26'), ('3465', '164', 'remark', '备注', 'varchar(255)', 'remark', '0', '1', '0', '0', '0', '0', '0', '0', '80', '', 'be50e868ce4841ebb63bb1694b2413ef', '2019-01-16 14:11:26', 'be50e868ce4841ebb63bb1694b2413ef', '2019-01-16 14:11:26'), ('3466', '164', 'create_date', '创建时间', 'timestamp', 'createDate', '0', '1', '0', '0', '0', '0', '0', '0', '90', '', 'be50e868ce4841ebb63bb1694b2413ef', '2019-01-16 14:11:26', 'be50e868ce4841ebb63bb1694b2413ef', '2019-01-16 14:11:26'), ('3467', '164', 'create_by', '创建人', 'varchar(255)', 'createBy', '0', '1', '0', '0', '0', '0', '0', '0', '100', '', 'be50e868ce4841ebb63bb1694b2413ef', '2019-01-16 14:11:26', 'be50e868ce4841ebb63bb1694b2413ef', '2019-01-16 14:11:26'), ('3468', '164', 'update_date', '更新时间', 'timestamp', 'updateDate', '0', '1', '0', '0', '0', '0', '0', '0', '110', '', 'be50e868ce4841ebb63bb1694b2413ef', '2019-01-16 14:11:26', 'be50e868ce4841ebb63bb1694b2413ef', '2019-01-16 14:11:26'), ('3469', '164', 'update_by', '更新人', 'varchar(255)', 'updateBy', '0', '1', '0', '0', '0', '0', '0', '0', '120', '', 'be50e868ce4841ebb63bb1694b2413ef', '2019-01-16 14:11:26', 'be50e868ce4841ebb63bb1694b2413ef', '2019-01-16 14:11:26'), ('3470', '165', 'id', '主键', 'int(11)', 'id', '1', '1', '0', '0', '0', '0', '0', '0', '10', '', 'be50e868ce4841ebb63bb1694b2413ef', '2019-01-16 14:11:26', 'be50e868ce4841ebb63bb1694b2413ef', '2019-01-16 14:11:26'), ('3471', '165', 'name', '名称', 'varchar(20)', 'name', '0', '1', '0', '0', '0', '0', '0', '0', '20', '', 'be50e868ce4841ebb63bb1694b2413ef', '2019-01-16 14:11:26', 'be50e868ce4841ebb63bb1694b2413ef', '2019-01-16 14:11:26'), ('3472', '165', 'sys_namespace_id', '命名空间', 'int(11)', 'sysNamespaceId', '0', '1', '0', '0', '0', '0', '0', '0', '30', '', 'be50e868ce4841ebb63bb1694b2413ef', '2019-01-16 14:11:26', 'be50e868ce4841ebb63bb1694b2413ef', '2019-01-16 14:11:26'), ('3473', '165', 'file_name', '文件名称', 'varchar(50)', 'fileName', '0', '1', '0', '0', '0', '0', '0', '0', '40', '', 'be50e868ce4841ebb63bb1694b2413ef', '2019-01-16 14:11:26', 'be50e868ce4841ebb63bb1694b2413ef', '2019-01-16 14:11:26'), ('3474', '165', 'boundle_type', '插件类型', 'int(5)', 'boundleType', '0', '1', '0', '0', '0', '0', '0', '0', '50', '', 'be50e868ce4841ebb63bb1694b2413ef', '2019-01-16 14:11:26', 'be50e868ce4841ebb63bb1694b2413ef', '2019-01-16 14:11:26'), ('3475', '165', 'description', '描述', 'varchar(50)', 'description', '0', '1', '0', '0', '0', '0', '0', '0', '60', '', 'be50e868ce4841ebb63bb1694b2413ef', '2019-01-16 14:11:26', 'be50e868ce4841ebb63bb1694b2413ef', '2019-01-16 14:11:26'), ('3476', '165', 'remark', '备注', 'varchar(255)', 'remark', '0', '1', '0', '0', '0', '0', '0', '0', '70', '', 'be50e868ce4841ebb63bb1694b2413ef', '2019-01-16 14:11:26', 'be50e868ce4841ebb63bb1694b2413ef', '2019-01-16 14:11:26'), ('3477', '165', 'del_flag', '逻辑删除', 'int(1)', 'delFlag', '0', '1', '0', '0', '0', '0', '0', '0', '80', '', 'be50e868ce4841ebb63bb1694b2413ef', '2019-01-16 14:11:26', 'be50e868ce4841ebb63bb1694b2413ef', '2019-01-16 14:11:26'), ('3478', '165', 'create_date', '创建时间', 'timestamp', 'createDate', '0', '1', '0', '0', '0', '0', '0', '0', '90', '', 'be50e868ce4841ebb63bb1694b2413ef', '2019-01-16 14:11:26', 'be50e868ce4841ebb63bb1694b2413ef', '2019-01-16 14:11:26'), ('3479', '165', 'create_by', '创建人', 'varchar(64)', 'createBy', '0', '1', '0', '0', '0', '0', '0', '0', '100', '', 'be50e868ce4841ebb63bb1694b2413ef', '2019-01-16 14:11:26', 'be50e868ce4841ebb63bb1694b2413ef', '2019-01-16 14:11:26'), ('3480', '165', 'update_date', '更新时间', 'timestamp', 'updateDate', '0', '1', '0', '0', '0', '0', '0', '0', '110', '', 'be50e868ce4841ebb63bb1694b2413ef', '2019-01-16 14:11:26', 'be50e868ce4841ebb63bb1694b2413ef', '2019-01-16 14:11:26'), ('3481', '165', 'update_by', '更新人', 'varchar(64)', 'updateBy', '0', '1', '0', '0', '0', '0', '0', '0', '120', '', 'be50e868ce4841ebb63bb1694b2413ef', '2019-01-16 14:11:26', 'be50e868ce4841ebb63bb1694b2413ef', '2019-01-16 14:11:26'), ('3482', '166', 'id', '主键', 'int(11)', 'id', '1', '1', '0', '0', '0', '0', '0', '0', '10', '', 'be50e868ce4841ebb63bb1694b2413ef', '2019-01-16 14:11:26', 'be50e868ce4841ebb63bb1694b2413ef', '2019-01-16 14:11:26'), ('3483', '166', 'name', '权限名称', 'varchar(20)', 'name', '0', '1', '0', '0', '0', '0', '0', '0', '20', '', 'be50e868ce4841ebb63bb1694b2413ef', '2019-01-16 14:11:26', 'be50e868ce4841ebb63bb1694b2413ef', '2019-01-16 14:11:26'), ('3484', '166', 'permission', '权限标识', 'varchar(50)', 'permission', '0', '1', '0', '0', '0', '0', '0', '0', '30', '', 'be50e868ce4841ebb63bb1694b2413ef', '2019-01-16 14:11:26', 'be50e868ce4841ebb63bb1694b2413ef', '2019-01-16 14:11:26'), ('3485', '166', 'parent_id', '父级', 'varchar(11)', 'parentId', '0', '1', '0', '0', '0', '0', '0', '0', '40', '', 'be50e868ce4841ebb63bb1694b2413ef', '2019-01-16 14:11:26', 'be50e868ce4841ebb63bb1694b2413ef', '2019-01-16 14:11:26'), ('3486', '166', 'parent_ids', '所有父级', 'varchar(255)', 'parentIds', '0', '1', '0', '0', '0', '0', '0', '0', '50', '', 'be50e868ce4841ebb63bb1694b2413ef', '2019-01-16 14:11:26', 'be50e868ce4841ebb63bb1694b2413ef', '2019-01-16 14:11:26'), ('3487', '166', 'level', '等级', 'int(5)', 'level', '0', '1', '0', '0', '0', '0', '0', '0', '60', '', 'be50e868ce4841ebb63bb1694b2413ef', '2019-01-16 14:11:26', 'be50e868ce4841ebb63bb1694b2413ef', '2019-01-16 14:11:26'), ('3488', '166', 'sort', '排序', 'int(8)', 'sort', '0', '1', '0', '0', '0', '0', '0', '0', '70', '', 'be50e868ce4841ebb63bb1694b2413ef', '2019-01-16 14:11:26', 'be50e868ce4841ebb63bb1694b2413ef', '2019-01-16 14:11:26'), ('3489', '166', 'remark', '备注', 'varchar(255)', 'remark', '0', '1', '0', '0', '0', '0', '0', '0', '80', '', 'be50e868ce4841ebb63bb1694b2413ef', '2019-01-16 14:11:26', 'be50e868ce4841ebb63bb1694b2413ef', '2019-01-16 14:11:26'), ('3490', '166', 'create_date', '创建时间', 'datetime', 'createDate', '0', '1', '0', '0', '0', '0', '0', '0', '90', '', 'be50e868ce4841ebb63bb1694b2413ef', '2019-01-16 14:11:26', 'be50e868ce4841ebb63bb1694b2413ef', '2019-01-16 14:11:26'), ('3491', '166', 'update_date', '更新时间', 'datetime', 'updateDate', '0', '1', '0', '0', '0', '0', '0', '0', '100', '', 'be50e868ce4841ebb63bb1694b2413ef', '2019-01-16 14:11:26', 'be50e868ce4841ebb63bb1694b2413ef', '2019-01-16 14:11:26'), ('3492', '166', 'create_by', '创建人', 'varchar(64)', 'createBy', '0', '1', '0', '0', '0', '0', '0', '0', '110', '', 'be50e868ce4841ebb63bb1694b2413ef', '2019-01-16 14:11:26', 'be50e868ce4841ebb63bb1694b2413ef', '2019-01-16 14:11:26'), ('3493', '166', 'update_by', '更新人', 'varchar(64)', 'updateBy', '0', '1', '0', '0', '0', '0', '0', '0', '120', '', 'be50e868ce4841ebb63bb1694b2413ef', '2019-01-16 14:11:26', 'be50e868ce4841ebb63bb1694b2413ef', '2019-01-16 14:11:26'), ('3494', '167', 'id', '主键', 'int(11)', 'id', '1', '1', '0', '0', '0', '0', '0', '0', '10', '', 'be50e868ce4841ebb63bb1694b2413ef', '2019-01-16 14:11:26', 'be50e868ce4841ebb63bb1694b2413ef', '2019-01-16 14:11:26'), ('3495', '167', 'name', '中文名', 'varchar(20)', 'name', '0', '1', '0', '0', '0', '0', '0', '0', '20', '', 'be50e868ce4841ebb63bb1694b2413ef', '2019-01-16 14:11:26', 'be50e868ce4841ebb63bb1694b2413ef', '2019-01-16 14:11:26'), ('3496', '167', 'enname', '英文名', 'varchar(20)', 'enname', '0', '1', '0', '0', '0', '0', '0', '0', '30', '', 'be50e868ce4841ebb63bb1694b2413ef', '2019-01-16 14:11:26', 'be50e868ce4841ebb63bb1694b2413ef', '2019-01-16 14:11:26'), ('3497', '167', 'remark', '备注', 'varchar(255)', 'remark', '0', '1', '0', '0', '0', '0', '0', '0', '40', '', 'be50e868ce4841ebb63bb1694b2413ef', '2019-01-16 14:11:26', 'be50e868ce4841ebb63bb1694b2413ef', '2019-01-16 14:11:26'), ('3498', '167', 'create_date', '创建时间', 'datetime', 'createDate', '0', '1', '0', '0', '0', '0', '0', '0', '50', '', 'be50e868ce4841ebb63bb1694b2413ef', '2019-01-16 14:11:26', 'be50e868ce4841ebb63bb1694b2413ef', '2019-01-16 14:11:26'), ('3499', '167', 'update_date', '更新时间', 'datetime', 'updateDate', '0', '1', '0', '0', '0', '0', '0', '0', '60', '', 'be50e868ce4841ebb63bb1694b2413ef', '2019-01-16 14:11:26', 'be50e868ce4841ebb63bb1694b2413ef', '2019-01-16 14:11:26'), ('3500', '167', 'create_by', '创建人', 'varchar(64)', 'createBy', '0', '1', '0', '0', '0', '0', '0', '0', '70', '', 'be50e868ce4841ebb63bb1694b2413ef', '2019-01-16 14:11:26', 'be50e868ce4841ebb63bb1694b2413ef', '2019-01-16 14:11:26'), ('3501', '167', 'update_by', '更新人', 'varchar(64)', 'updateBy', '0', '1', '0', '0', '0', '0', '0', '0', '80', '', 'be50e868ce4841ebb63bb1694b2413ef', '2019-01-16 14:11:26', 'be50e868ce4841ebb63bb1694b2413ef', '2019-01-16 14:11:26'), ('3502', '168', 'id', '主键', 'int(11)', 'id', '1', '1', '0', '0', '0', '0', '0', '0', '10', '', 'be50e868ce4841ebb63bb1694b2413ef', '2019-01-16 14:11:26', 'be50e868ce4841ebb63bb1694b2413ef', '2019-01-16 14:11:26'), ('3503', '168', 'role_id', '关联角色', 'int(11)', 'roleId', '0', '1', '0', '0', '0', '0', '0', '0', '20', '', 'be50e868ce4841ebb63bb1694b2413ef', '2019-01-16 14:11:26', 'be50e868ce4841ebb63bb1694b2413ef', '2019-01-16 14:11:26'), ('3504', '168', 'power_id', '关联权限', 'int(11)', 'powerId', '0', '1', '0', '0', '0', '0', '0', '0', '30', '', 'be50e868ce4841ebb63bb1694b2413ef', '2019-01-16 14:11:26', 'be50e868ce4841ebb63bb1694b2413ef', '2019-01-16 14:11:26'), ('3505', '168', 'remark', '备注', 'varchar(255)', 'remark', '0', '1', '0', '0', '0', '0', '0', '0', '40', '', 'be50e868ce4841ebb63bb1694b2413ef', '2019-01-16 14:11:26', 'be50e868ce4841ebb63bb1694b2413ef', '2019-01-16 14:11:26'), ('3506', '168', 'create_date', '创建时间', 'timestamp', 'createDate', '0', '1', '0', '0', '0', '0', '0', '0', '50', '', 'be50e868ce4841ebb63bb1694b2413ef', '2019-01-16 14:11:26', 'be50e868ce4841ebb63bb1694b2413ef', '2019-01-16 14:11:26'), ('3507', '168', 'update_date', '更新时间', 'timestamp', 'updateDate', '0', '1', '0', '0', '0', '0', '0', '0', '60', '', 'be50e868ce4841ebb63bb1694b2413ef', '2019-01-16 14:11:26', 'be50e868ce4841ebb63bb1694b2413ef', '2019-01-16 14:11:26'), ('3508', '168', 'create_by', '创建人', 'varchar(64)', 'createBy', '0', '1', '0', '0', '0', '0', '0', '0', '70', '', 'be50e868ce4841ebb63bb1694b2413ef', '2019-01-16 14:11:26', 'be50e868ce4841ebb63bb1694b2413ef', '2019-01-16 14:11:26'), ('3509', '168', 'update_by', '更新人', 'varchar(64)', 'updateBy', '0', '1', '0', '0', '0', '0', '0', '0', '80', '', 'be50e868ce4841ebb63bb1694b2413ef', '2019-01-16 14:11:26', 'be50e868ce4841ebb63bb1694b2413ef', '2019-01-16 14:11:26'), ('3510', '169', 'id', '主键', 'int(11)', 'id', '1', '1', '0', '0', '0', '0', '0', '0', '10', '', 'be50e868ce4841ebb63bb1694b2413ef', '2019-01-16 14:11:26', 'be50e868ce4841ebb63bb1694b2413ef', '2019-01-16 14:11:26'), ('3511', '169', 'name', '组名', 'varchar(20)', 'name', '0', '1', '0', '0', '0', '0', '0', '0', '20', '', 'be50e868ce4841ebb63bb1694b2413ef', '2019-01-16 14:11:26', 'be50e868ce4841ebb63bb1694b2413ef', '2019-01-16 14:11:26'), ('3512', '169', 'table_name', '表名', 'varchar(30)', 'tableName', '0', '1', '0', '0', '0', '0', '0', '0', '30', '', 'be50e868ce4841ebb63bb1694b2413ef', '2019-01-16 14:11:26', 'be50e868ce4841ebb63bb1694b2413ef', '2019-01-16 14:11:26'), ('3513', '169', 'field', '属性', 'varchar(30)', 'field', '0', '1', '0', '0', '0', '0', '0', '0', '40', '', 'be50e868ce4841ebb63bb1694b2413ef', '2019-01-16 14:11:26', 'be50e868ce4841ebb63bb1694b2413ef', '2019-01-16 14:11:26'), ('3514', '169', 'comment', '注释', 'varchar(50)', 'comment', '0', '1', '0', '0', '0', '0', '0', '0', '50', '', 'be50e868ce4841ebb63bb1694b2413ef', '2019-01-16 14:11:26', 'be50e868ce4841ebb63bb1694b2413ef', '2019-01-16 14:11:26'), ('3515', '169', 'description', '描述', 'varchar(50)', 'description', '0', '1', '0', '0', '0', '0', '0', '0', '60', '', 'be50e868ce4841ebb63bb1694b2413ef', '2019-01-16 14:11:26', 'be50e868ce4841ebb63bb1694b2413ef', '2019-01-16 14:11:26'), ('3516', '169', 'sys_dbsource_id', '关联数据源', 'int(11)', 'sysDbsourceId', '0', '1', '0', '0', '0', '0', '0', '0', '70', '', 'be50e868ce4841ebb63bb1694b2413ef', '2019-01-16 14:11:26', 'be50e868ce4841ebb63bb1694b2413ef', '2019-01-16 14:11:26'), ('3517', '169', 'sys_namespace_id', '命名空间', 'int(11)', 'sysNamespaceId', '0', '1', '0', '0', '0', '0', '0', '0', '80', '', 'be50e868ce4841ebb63bb1694b2413ef', '2019-01-16 14:11:26', 'be50e868ce4841ebb63bb1694b2413ef', '2019-01-16 14:11:26'), ('3518', '169', 'remark', '备注', 'varchar(255)', 'remark', '0', '1', '0', '0', '0', '0', '0', '0', '90', '', 'be50e868ce4841ebb63bb1694b2413ef', '2019-01-16 14:11:26', 'be50e868ce4841ebb63bb1694b2413ef', '2019-01-16 14:11:26'), ('3519', '169', 'create_date', '创建时间', 'timestamp', 'createDate', '0', '1', '0', '0', '0', '0', '0', '0', '100', '', 'be50e868ce4841ebb63bb1694b2413ef', '2019-01-16 14:11:26', 'be50e868ce4841ebb63bb1694b2413ef', '2019-01-16 14:11:26'), ('3520', '169', 'update_date', '更新世界', 'timestamp', 'updateDate', '0', '1', '0', '0', '0', '0', '0', '0', '110', '', 'be50e868ce4841ebb63bb1694b2413ef', '2019-01-16 14:11:26', 'be50e868ce4841ebb63bb1694b2413ef', '2019-01-16 14:11:26'), ('3521', '169', 'create_by', '创建人', 'varchar(64)', 'createBy', '0', '1', '0', '0', '0', '0', '0', '0', '120', '', 'be50e868ce4841ebb63bb1694b2413ef', '2019-01-16 14:11:26', 'be50e868ce4841ebb63bb1694b2413ef', '2019-01-16 14:11:26'), ('3522', '169', 'update_by', '更新时间', 'varchar(64)', 'updateBy', '0', '1', '0', '0', '0', '0', '0', '0', '130', '', 'be50e868ce4841ebb63bb1694b2413ef', '2019-01-16 14:11:26', 'be50e868ce4841ebb63bb1694b2413ef', '2019-01-16 14:11:26'), ('3523', '170', 'id', '主键', 'int(11)', 'id', '1', '1', '0', '0', '0', '0', '0', '0', '10', '', 'be50e868ce4841ebb63bb1694b2413ef', '2019-01-16 14:11:27', 'be50e868ce4841ebb63bb1694b2413ef', '2019-01-16 14:11:27'), ('3524', '170', 'name', '名称', 'varchar(20)', 'name', '0', '1', '0', '0', '0', '0', '0', '0', '20', '', 'be50e868ce4841ebb63bb1694b2413ef', '2019-01-16 14:11:27', 'be50e868ce4841ebb63bb1694b2413ef', '2019-01-16 14:11:27'), ('3525', '170', 'parent_id', '父节点', 'varchar(11)', 'parentId', '0', '1', '0', '0', '0', '0', '0', '0', '30', '', 'be50e868ce4841ebb63bb1694b2413ef', '2019-01-16 14:11:27', 'be50e868ce4841ebb63bb1694b2413ef', '2019-01-16 14:11:27'), ('3526', '170', 'parent_ids', '所有父节点', 'varchar(255)', 'parentIds', '0', '1', '0', '0', '0', '0', '0', '0', '40', '', 'be50e868ce4841ebb63bb1694b2413ef', '2019-01-16 14:11:27', 'be50e868ce4841ebb63bb1694b2413ef', '2019-01-16 14:11:27'), ('3527', '170', 'sys_namespace_id', '命名空间', 'int(11)', 'sysNamespaceId', '0', '1', '0', '0', '0', '0', '0', '0', '50', '', 'be50e868ce4841ebb63bb1694b2413ef', '2019-01-16 14:11:27', 'be50e868ce4841ebb63bb1694b2413ef', '2019-01-16 14:11:27'), ('3528', '170', 'left_equal', '左等式', 'varchar(20)', 'leftEqual', '0', '1', '0', '0', '0', '0', '0', '0', '60', '', 'be50e868ce4841ebb63bb1694b2413ef', '2019-01-16 14:11:27', 'be50e868ce4841ebb63bb1694b2413ef', '2019-01-16 14:11:27'), ('3529', '170', 'event', '事件', 'int(3)', 'event', '0', '1', '0', '0', '0', '0', '0', '0', '70', '', 'be50e868ce4841ebb63bb1694b2413ef', '2019-01-16 14:11:27', 'be50e868ce4841ebb63bb1694b2413ef', '2019-01-16 14:11:27'), ('3530', '170', 'right_equal', '右等式', 'varchar(20)', 'rightEqual', '0', '1', '0', '0', '0', '0', '0', '0', '80', '', 'be50e868ce4841ebb63bb1694b2413ef', '2019-01-16 14:11:27', 'be50e868ce4841ebb63bb1694b2413ef', '2019-01-16 14:11:27'), ('3531', '170', 'result', '结果', 'varchar(50)', 'result', '0', '1', '0', '0', '0', '0', '0', '0', '90', '', 'be50e868ce4841ebb63bb1694b2413ef', '2019-01-16 14:11:27', 'be50e868ce4841ebb63bb1694b2413ef', '2019-01-16 14:11:27'), ('3532', '170', 'level', '等级', 'int(5)', 'level', '0', '1', '0', '0', '0', '0', '0', '0', '100', '', 'be50e868ce4841ebb63bb1694b2413ef', '2019-01-16 14:11:27', 'be50e868ce4841ebb63bb1694b2413ef', '2019-01-16 14:11:27'), ('3533', '170', 'group_name', '组别', 'varchar(20)', 'groupName', '0', '1', '0', '0', '0', '0', '0', '0', '110', '', 'be50e868ce4841ebb63bb1694b2413ef', '2019-01-16 14:11:27', 'be50e868ce4841ebb63bb1694b2413ef', '2019-01-16 14:11:27'), ('3534', '170', 'sort', '排序', 'int(8)', 'sort', '0', '1', '0', '0', '0', '0', '0', '0', '120', '', 'be50e868ce4841ebb63bb1694b2413ef', '2019-01-16 14:11:27', 'be50e868ce4841ebb63bb1694b2413ef', '2019-01-16 14:11:27'), ('3535', '170', 'description', '描述', 'varchar(50)', 'description', '0', '1', '0', '0', '0', '0', '0', '0', '130', '', 'be50e868ce4841ebb63bb1694b2413ef', '2019-01-16 14:11:27', 'be50e868ce4841ebb63bb1694b2413ef', '2019-01-16 14:11:27'), ('3536', '170', 'remark', '备注', 'varchar(255)', 'remark', '0', '1', '0', '0', '0', '0', '0', '0', '140', '', 'be50e868ce4841ebb63bb1694b2413ef', '2019-01-16 14:11:27', 'be50e868ce4841ebb63bb1694b2413ef', '2019-01-16 14:11:27'), ('3537', '170', 'create_date', '创建时间', 'timestamp', 'createDate', '0', '1', '0', '0', '0', '0', '0', '0', '150', '', 'be50e868ce4841ebb63bb1694b2413ef', '2019-01-16 14:11:27', 'be50e868ce4841ebb63bb1694b2413ef', '2019-01-16 14:11:27'), ('3538', '170', 'create_by', '创建人', 'varchar(255)', 'createBy', '0', '1', '0', '0', '0', '0', '0', '0', '160', '', 'be50e868ce4841ebb63bb1694b2413ef', '2019-01-16 14:11:27', 'be50e868ce4841ebb63bb1694b2413ef', '2019-01-16 14:11:27'), ('3539', '170', 'update_date', '更新时间', 'timestamp', 'updateDate', '0', '1', '0', '0', '0', '0', '0', '0', '170', '', 'be50e868ce4841ebb63bb1694b2413ef', '2019-01-16 14:11:27', 'be50e868ce4841ebb63bb1694b2413ef', '2019-01-16 14:11:27'), ('3540', '170', 'update_by', '更新人', 'varchar(255)', 'updateBy', '0', '1', '0', '0', '0', '0', '0', '0', '180', '', 'be50e868ce4841ebb63bb1694b2413ef', '2019-01-16 14:11:27', 'be50e868ce4841ebb63bb1694b2413ef', '2019-01-16 14:11:27'), ('3541', '171', 'id', '主键', 'varchar(64)', 'id', '1', '1', '0', '0', '0', '0', '0', '0', '10', '', 'be50e868ce4841ebb63bb1694b2413ef', '2019-01-16 14:11:27', 'be50e868ce4841ebb63bb1694b2413ef', '2019-01-16 14:11:27'), ('3542', '171', 'username', '账户', 'varchar(20)', 'username', '0', '1', '0', '0', '0', '0', '0', '0', '20', '', 'be50e868ce4841ebb63bb1694b2413ef', '2019-01-16 14:11:27', 'be50e868ce4841ebb63bb1694b2413ef', '2019-01-16 14:11:27'), ('3543', '171', 'password', '密码', 'varchar(64)', 'password', '0', '1', '0', '0', '0', '0', '0', '0', '30', '', 'be50e868ce4841ebb63bb1694b2413ef', '2019-01-16 14:11:27', 'be50e868ce4841ebb63bb1694b2413ef', '2019-01-16 14:11:27'), ('3544', '171', 'name', '用户名', 'varchar(20)', 'name', '0', '1', '0', '0', '0', '0', '0', '0', '40', '', 'be50e868ce4841ebb63bb1694b2413ef', '2019-01-16 14:11:27', 'be50e868ce4841ebb63bb1694b2413ef', '2019-01-16 14:11:27'), ('3545', '171', 'sys_office_id', '关联组织结构', 'int(11)', 'sysOfficeId', '0', '1', '0', '0', '0', '0', '0', '0', '50', '', 'be50e868ce4841ebb63bb1694b2413ef', '2019-01-16 14:11:27', 'be50e868ce4841ebb63bb1694b2413ef', '2019-01-16 14:11:27'), ('3546', '171', 'remark', '备注', 'varchar(255)', 'remark', '0', '1', '0', '0', '0', '0', '0', '0', '60', '', 'be50e868ce4841ebb63bb1694b2413ef', '2019-01-16 14:11:27', 'be50e868ce4841ebb63bb1694b2413ef', '2019-01-16 14:11:27'), ('3547', '171', 'del_flag', '逻辑删除', 'int(1)', 'delFlag', '0', '1', '0', '0', '0', '0', '0', '0', '70', '', 'be50e868ce4841ebb63bb1694b2413ef', '2019-01-16 14:11:27', 'be50e868ce4841ebb63bb1694b2413ef', '2019-01-16 14:11:27'), ('3548', '171', 'create_date', '创建时间', 'datetime', 'createDate', '0', '1', '0', '0', '0', '0', '0', '0', '80', '', 'be50e868ce4841ebb63bb1694b2413ef', '2019-01-16 14:11:27', 'be50e868ce4841ebb63bb1694b2413ef', '2019-01-16 14:11:27'), ('3549', '171', 'create_by', '创建人', 'varchar(64)', 'createBy', '0', '1', '0', '0', '0', '0', '0', '0', '90', '', 'be50e868ce4841ebb63bb1694b2413ef', '2019-01-16 14:11:27', 'be50e868ce4841ebb63bb1694b2413ef', '2019-01-16 14:11:27'), ('3550', '171', 'update_date', '更新时间', 'datetime', 'updateDate', '0', '1', '0', '0', '0', '0', '0', '0', '100', '', 'be50e868ce4841ebb63bb1694b2413ef', '2019-01-16 14:11:27', 'be50e868ce4841ebb63bb1694b2413ef', '2019-01-16 14:11:27'), ('3551', '171', 'update_by', '更新人', 'varchar(64)', 'updateBy', '0', '1', '0', '0', '0', '0', '0', '0', '110', '', 'be50e868ce4841ebb63bb1694b2413ef', '2019-01-16 14:11:27', 'be50e868ce4841ebb63bb1694b2413ef', '2019-01-16 14:11:27'), ('3552', '172', 'id', '主键', 'int(11)', 'id', '1', '1', '0', '0', '0', '0', '0', '0', '10', '', 'be50e868ce4841ebb63bb1694b2413ef', '2019-01-16 14:11:27', 'be50e868ce4841ebb63bb1694b2413ef', '2019-01-16 14:11:27'), ('3553', '172', 'user_id', '用户id', 'varchar(64)', 'userId', '0', '1', '0', '0', '0', '0', '0', '0', '20', '', 'be50e868ce4841ebb63bb1694b2413ef', '2019-01-16 14:11:27', 'be50e868ce4841ebb63bb1694b2413ef', '2019-01-16 14:11:27'), ('3554', '172', 'namespace_id', '命名空间id', 'int(11)', 'namespaceId', '0', '1', '0', '0', '0', '0', '0', '0', '30', '', 'be50e868ce4841ebb63bb1694b2413ef', '2019-01-16 14:11:27', 'be50e868ce4841ebb63bb1694b2413ef', '2019-01-16 14:11:27'), ('3555', '172', 'remark', '备注', 'varchar(255)', 'remark', '0', '1', '0', '0', '0', '0', '0', '0', '40', '', 'be50e868ce4841ebb63bb1694b2413ef', '2019-01-16 14:11:27', 'be50e868ce4841ebb63bb1694b2413ef', '2019-01-16 14:11:27'), ('3556', '172', 'create_date', '创建时间', 'datetime', 'createDate', '0', '1', '0', '0', '0', '0', '0', '0', '50', '', 'be50e868ce4841ebb63bb1694b2413ef', '2019-01-16 14:11:27', 'be50e868ce4841ebb63bb1694b2413ef', '2019-01-16 14:11:27'), ('3557', '172', 'create_by', '创建人', 'varchar(100)', 'createBy', '0', '1', '0', '0', '0', '0', '0', '0', '60', '', 'be50e868ce4841ebb63bb1694b2413ef', '2019-01-16 14:11:27', 'be50e868ce4841ebb63bb1694b2413ef', '2019-01-16 14:11:27'), ('3558', '172', 'update_date', '更新时间', 'datetime', 'updateDate', '0', '1', '0', '0', '0', '0', '0', '0', '70', '', 'be50e868ce4841ebb63bb1694b2413ef', '2019-01-16 14:11:27', 'be50e868ce4841ebb63bb1694b2413ef', '2019-01-16 14:11:27'), ('3559', '172', 'update_by', '更新人', 'varchar(100)', 'updateBy', '0', '1', '0', '0', '0', '0', '0', '0', '80', '', 'be50e868ce4841ebb63bb1694b2413ef', '2019-01-16 14:11:27', 'be50e868ce4841ebb63bb1694b2413ef', '2019-01-16 14:11:27'), ('3560', '173', 'id', '主键', 'int(11)', 'id', '1', '1', '0', '0', '0', '0', '0', '0', '10', '', 'be50e868ce4841ebb63bb1694b2413ef', '2019-01-16 14:11:27', 'be50e868ce4841ebb63bb1694b2413ef', '2019-01-16 14:11:27'), ('3561', '173', 'user_id', '关联系统用户', 'varchar(255)', 'userId', '0', '1', '0', '0', '0', '0', '0', '0', '20', '', 'be50e868ce4841ebb63bb1694b2413ef', '2019-01-16 14:11:27', 'be50e868ce4841ebb63bb1694b2413ef', '2019-01-16 14:11:27'), ('3562', '173', 'role_id', '关联系统角色', 'int(11)', 'roleId', '0', '1', '0', '0', '0', '0', '0', '0', '30', '', 'be50e868ce4841ebb63bb1694b2413ef', '2019-01-16 14:11:27', 'be50e868ce4841ebb63bb1694b2413ef', '2019-01-16 14:11:27'), ('3563', '173', 'remark', '备注', 'varchar(255)', 'remark', '0', '1', '0', '0', '0', '0', '0', '0', '40', '', 'be50e868ce4841ebb63bb1694b2413ef', '2019-01-16 14:11:27', 'be50e868ce4841ebb63bb1694b2413ef', '2019-01-16 14:11:27'), ('3564', '173', 'create_by', '创建人', 'varchar(255)', 'createBy', '0', '1', '0', '0', '0', '0', '0', '0', '50', '', 'be50e868ce4841ebb63bb1694b2413ef', '2019-01-16 14:11:27', 'be50e868ce4841ebb63bb1694b2413ef', '2019-01-16 14:11:27'), ('3565', '173', 'create_date', '创建时间', 'datetime', 'createDate', '0', '1', '0', '0', '0', '0', '0', '0', '60', '', 'be50e868ce4841ebb63bb1694b2413ef', '2019-01-16 14:11:27', 'be50e868ce4841ebb63bb1694b2413ef', '2019-01-16 14:11:27'), ('3566', '173', 'update_by', '更新人', 'varchar(255)', 'updateBy', '0', '1', '0', '0', '0', '0', '0', '0', '70', '', 'be50e868ce4841ebb63bb1694b2413ef', '2019-01-16 14:11:27', 'be50e868ce4841ebb63bb1694b2413ef', '2019-01-16 14:11:27'), ('3567', '173', 'update_date', '更新时间', 'datetime', 'updateDate', '0', '1', '0', '0', '0', '0', '0', '0', '80', '', 'be50e868ce4841ebb63bb1694b2413ef', '2019-01-16 14:11:27', 'be50e868ce4841ebb63bb1694b2413ef', '2019-01-16 14:11:27'), ('3568', '174', 'id', '主键', 'int(11)', 'id', '1', '1', '0', '0', '0', '0', '0', '0', '10', '', 'be50e868ce4841ebb63bb1694b2413ef', '2019-01-16 14:11:27', 'be50e868ce4841ebb63bb1694b2413ef', '2019-01-16 14:11:27'), ('3569', '174', 'name', '表名', 'varchar(20)', 'name', '0', '1', '0', '0', '0', '0', '0', '0', '20', '', 'be50e868ce4841ebb63bb1694b2413ef', '2019-01-16 14:11:27', 'be50e868ce4841ebb63bb1694b2413ef', '2019-01-16 14:11:27'), ('3570', '174', 'comment', '注释', 'varchar(50)', 'comment', '0', '1', '0', '0', '0', '0', '0', '0', '30', '', 'be50e868ce4841ebb63bb1694b2413ef', '2019-01-16 14:11:27', 'be50e868ce4841ebb63bb1694b2413ef', '2019-01-16 14:11:27'), ('3571', '174', 'sys_namespace_id', '关联系统命名空间', 'int(11)', 'sysNamespaceId', '0', '1', '0', '0', '0', '0', '0', '0', '40', '', 'be50e868ce4841ebb63bb1694b2413ef', '2019-01-16 14:11:27', 'be50e868ce4841ebb63bb1694b2413ef', '2019-01-16 14:11:27'), ('3572', '174', 'sys_dbsource_id', '关联系统数据源', 'int(11)', 'sysDbsourceId', '0', '1', '0', '0', '0', '0', '0', '0', '50', '', 'be50e868ce4841ebb63bb1694b2413ef', '2019-01-16 14:11:27', 'be50e868ce4841ebb63bb1694b2413ef', '2019-01-16 14:11:27'), ('3573', '174', 'remark', '备注', 'varchar(255)', 'remark', '0', '1', '0', '0', '0', '0', '0', '0', '60', '', 'be50e868ce4841ebb63bb1694b2413ef', '2019-01-16 14:11:27', 'be50e868ce4841ebb63bb1694b2413ef', '2019-01-16 14:11:27'), ('3574', '174', 'create_date', '创建时间', 'timestamp', 'createDate', '0', '1', '0', '0', '0', '0', '0', '0', '70', '', 'be50e868ce4841ebb63bb1694b2413ef', '2019-01-16 14:11:27', 'be50e868ce4841ebb63bb1694b2413ef', '2019-01-16 14:11:27'), ('3575', '174', 'update_date', '创建时间', 'timestamp', 'updateDate', '0', '1', '0', '0', '0', '0', '0', '0', '80', '', 'be50e868ce4841ebb63bb1694b2413ef', '2019-01-16 14:11:27', 'be50e868ce4841ebb63bb1694b2413ef', '2019-01-16 14:11:27'), ('3576', '174', 'create_by', '创建人', 'varchar(255)', 'createBy', '0', '1', '0', '0', '0', '0', '0', '0', '90', '', 'be50e868ce4841ebb63bb1694b2413ef', '2019-01-16 14:11:27', 'be50e868ce4841ebb63bb1694b2413ef', '2019-01-16 14:11:27'), ('3577', '174', 'update_by', '更新人', 'varchar(255)', 'updateBy', '0', '1', '0', '0', '0', '0', '0', '0', '100', '', 'be50e868ce4841ebb63bb1694b2413ef', '2019-01-16 14:11:27', 'be50e868ce4841ebb63bb1694b2413ef', '2019-01-16 14:11:27'), ('3578', '175', 'id', '主键', 'int(11)', 'id', '1', '1', '0', '0', '0', '0', '0', '0', '10', '', 'be50e868ce4841ebb63bb1694b2413ef', '2019-01-16 14:11:27', 'be50e868ce4841ebb63bb1694b2413ef', '2019-01-16 14:11:27'), ('3579', '175', 'sys_virtual_table_id', '关联虚表', 'int(11)', 'sysVirtualTableId', '0', '1', '0', '0', '0', '0', '0', '0', '20', '', 'be50e868ce4841ebb63bb1694b2413ef', '2019-01-16 14:11:27', 'be50e868ce4841ebb63bb1694b2413ef', '2019-01-16 14:11:27'), ('3580', '175', 'name', '列名', 'varchar(20)', 'name', '0', '1', '0', '0', '0', '0', '0', '0', '30', '', 'be50e868ce4841ebb63bb1694b2413ef', '2019-01-16 14:11:27', 'be50e868ce4841ebb63bb1694b2413ef', '2019-01-16 14:11:27'), ('3581', '175', 'type', '类型', 'int(3)', 'type', '0', '1', '0', '0', '0', '0', '0', '0', '40', '', 'be50e868ce4841ebb63bb1694b2413ef', '2019-01-16 14:11:27', 'be50e868ce4841ebb63bb1694b2413ef', '2019-01-16 14:11:27'), ('3582', '175', 'length', '长度', 'int(5)', 'length', '0', '1', '0', '0', '0', '0', '0', '0', '50', '', 'be50e868ce4841ebb63bb1694b2413ef', '2019-01-16 14:11:27', 'be50e868ce4841ebb63bb1694b2413ef', '2019-01-16 14:11:27'), ('3583', '175', 'decimal_length', '小数', 'int(5)', 'decimalLength', '0', '1', '0', '0', '0', '0', '0', '0', '60', '', 'be50e868ce4841ebb63bb1694b2413ef', '2019-01-16 14:11:27', 'be50e868ce4841ebb63bb1694b2413ef', '2019-01-16 14:11:27'), ('3584', '175', 'is_not_null', '是否为空', 'int(1)', 'isNotNull', '0', '1', '0', '0', '0', '0', '0', '0', '70', '', 'be50e868ce4841ebb63bb1694b2413ef', '2019-01-16 14:11:27', 'be50e868ce4841ebb63bb1694b2413ef', '2019-01-16 14:11:27'), ('3585', '175', 'default_value', '默认值', 'varchar(20)', 'defaultValue', '0', '1', '0', '0', '0', '0', '0', '0', '80', '', 'be50e868ce4841ebb63bb1694b2413ef', '2019-01-16 14:11:27', 'be50e868ce4841ebb63bb1694b2413ef', '2019-01-16 14:11:27'), ('3586', '175', 'comment', '注释', 'varchar(20)', 'comment', '0', '1', '0', '0', '0', '0', '0', '0', '90', '', 'be50e868ce4841ebb63bb1694b2413ef', '2019-01-16 14:11:27', 'be50e868ce4841ebb63bb1694b2413ef', '2019-01-16 14:11:27'), ('3587', '175', 'is_key', '是否主键', 'int(1)', 'isKey', '0', '1', '0', '0', '0', '0', '0', '0', '100', '', 'be50e868ce4841ebb63bb1694b2413ef', '2019-01-16 14:11:27', 'be50e868ce4841ebb63bb1694b2413ef', '2019-01-16 14:11:27'), ('3588', '175', 'is_auto', '是否自增', 'int(1)', 'isAuto', '0', '1', '0', '0', '0', '0', '0', '0', '110', '', 'be50e868ce4841ebb63bb1694b2413ef', '2019-01-16 14:11:27', 'be50e868ce4841ebb63bb1694b2413ef', '2019-01-16 14:11:27'), ('3589', '175', 'remark', '备注', 'varchar(255)', 'remark', '0', '1', '0', '0', '0', '0', '0', '0', '120', '', 'be50e868ce4841ebb63bb1694b2413ef', '2019-01-16 14:11:27', 'be50e868ce4841ebb63bb1694b2413ef', '2019-01-16 14:11:27'), ('3590', '175', 'create_date', '创建时间', 'timestamp', 'createDate', '0', '1', '0', '0', '0', '0', '0', '0', '130', '', 'be50e868ce4841ebb63bb1694b2413ef', '2019-01-16 14:11:27', 'be50e868ce4841ebb63bb1694b2413ef', '2019-01-16 14:11:27'), ('3591', '175', 'update_date', '更新时间', 'timestamp', 'updateDate', '0', '1', '0', '0', '0', '0', '0', '0', '140', '', 'be50e868ce4841ebb63bb1694b2413ef', '2019-01-16 14:11:27', 'be50e868ce4841ebb63bb1694b2413ef', '2019-01-16 14:11:27'), ('3592', '175', 'create_by', '创建人', 'varchar(255)', 'createBy', '0', '1', '0', '0', '0', '0', '0', '0', '150', '', 'be50e868ce4841ebb63bb1694b2413ef', '2019-01-16 14:11:27', 'be50e868ce4841ebb63bb1694b2413ef', '2019-01-16 14:11:27'), ('3593', '175', 'update_by', '更新人', 'varchar(255)', 'updateBy', '0', '1', '0', '0', '0', '0', '0', '0', '160', '', 'be50e868ce4841ebb63bb1694b2413ef', '2019-01-16 14:11:27', 'be50e868ce4841ebb63bb1694b2413ef', '2019-01-16 14:11:27');
COMMIT;

-- ----------------------------
--  Table structure for `gen_template`
-- ----------------------------
DROP TABLE IF EXISTS `gen_template`;
CREATE TABLE `gen_template` (
  `id` int(11) NOT NULL AUTO_INCREMENT COMMENT '主键',
  `name` varchar(20) NOT NULL DEFAULT '' COMMENT '名称',
  `sys_namespace_id` int(11) NOT NULL DEFAULT '0' COMMENT '所属命名空间',
  `language` int(1) NOT NULL DEFAULT '1' COMMENT '语言',
  `gen_field_id` int(11) NOT NULL DEFAULT '0' COMMENT '关联gen_field',
  `file_base_path` varchar(100) NOT NULL DEFAULT '' COMMENT '模版文件基础路径',
  `version` varchar(20) NOT NULL DEFAULT '' COMMENT '版本号',
  `wiki_uri` varchar(100) NOT NULL DEFAULT '' COMMENT 'wiki地址',
  `description` varchar(50) NOT NULL DEFAULT '' COMMENT '描述',
  `remark` varchar(255) NOT NULL DEFAULT '' COMMENT '备注',
  `create_date` datetime NOT NULL DEFAULT CURRENT_TIMESTAMP COMMENT '创建时间',
  `create_by` varchar(64) NOT NULL DEFAULT '' COMMENT '创建人',
  `update_date` datetime NOT NULL DEFAULT CURRENT_TIMESTAMP COMMENT '更新时间',
  `update_by` varchar(64) NOT NULL DEFAULT '' COMMENT '更新人',
  PRIMARY KEY (`id`),
  UNIQUE KEY `idx_name_namespace` (`name`,`sys_namespace_id`,`version`) USING BTREE,
  KEY `idx_name` (`name`) USING BTREE,
  KEY `idx_namespace_id` (`sys_namespace_id`) USING BTREE,
  KEY `idx_update_date` (`update_date`) USING BTREE
) ENGINE=InnoDB AUTO_INCREMENT=21 DEFAULT CHARSET=utf8mb4 COMMENT='代码生成模版信息';

-- ----------------------------
--  Records of `gen_template`
-- ----------------------------
BEGIN;
INSERT INTO `gen_template` VALUES ('16', 'dict', '5', '1', '10', '898c6d34e037429fbb84db605eac8006waupv/dict', '1.0.0', '/jianym/jeecf', '多数据例子模版', '', '2018-12-02 14:06:00', 'be50e868ce4841ebb63bb1694b2413ef', '2019-03-07 14:53:20', 'be50e868ce4841ebb63bb1694b2413ef'), ('18', 'tableDict', '5', '1', '12', 'd3ef86febb2a4a3abff163ea3d4b2836pjjwv/tableDict', '1.0.0', '/jianym/jeecf', '多表例子模版', '', '2018-12-21 13:18:07', 'be50e868ce4841ebb63bb1694b2413ef', '2018-12-21 13:18:07', 'be50e868ce4841ebb63bb1694b2413ef'), ('19', 'tableDict', '1', '1', '11', '167e4ee45cbb4eee99cba237f4c33be7iwwyb/tableDict', '1.0.0', '/jianym/jeecf/wiki', '多表例子模版', '', '2019-03-07 14:16:11', 'be50e868ce4841ebb63bb1694b2413ef', '2019-03-07 14:16:11', 'be50e868ce4841ebb63bb1694b2413ef'), ('20', 'dict', '1', '1', '9', 'd2140366203041c79f0ab9ce23937325gbmae/dict', '1.0.0', '/jianym/jeecf/wiki', '多数据模版例子', '', '2019-03-07 14:17:20', 'be50e868ce4841ebb63bb1694b2413ef', '2019-03-07 14:17:20', 'be50e868ce4841ebb63bb1694b2413ef');
COMMIT;

-- ----------------------------
--  Table structure for `sys_dbsource`
-- ----------------------------
DROP TABLE IF EXISTS `sys_dbsource`;
CREATE TABLE `sys_dbsource` (
  `id` int(11) NOT NULL AUTO_INCREMENT COMMENT '主键',
  `key_name` varchar(20) NOT NULL DEFAULT '' COMMENT '关键字',
  `url` varchar(150) NOT NULL DEFAULT '' COMMENT '连接串',
  `user_name` varchar(20) NOT NULL DEFAULT '' COMMENT '用户名',
  `password` varchar(64) NOT NULL DEFAULT '' COMMENT '密码',
  `permission` varchar(50) NOT NULL DEFAULT '' COMMENT '权限控制',
  `Usable` int(1) NOT NULL DEFAULT '1' COMMENT '是否可用 1.可用 2.不可用',
  `remark` varchar(255) NOT NULL DEFAULT '' COMMENT '备注',
  `del_flag` int(1) NOT NULL DEFAULT '0' COMMENT '逻辑删除',
  `create_date` datetime NOT NULL DEFAULT CURRENT_TIMESTAMP COMMENT '创建时间',
  `create_by` varchar(64) NOT NULL DEFAULT '' COMMENT '创建人',
  `update_date` datetime NOT NULL DEFAULT CURRENT_TIMESTAMP COMMENT '更新时间',
  `update_by` varchar(64) NOT NULL DEFAULT '' COMMENT '更新人',
  PRIMARY KEY (`id`),
  UNIQUE KEY `idx_name` (`key_name`) USING BTREE,
  KEY `idx_permission` (`permission`) USING BTREE,
  KEY `idx_update_date` (`update_date`) USING BTREE
) ENGINE=InnoDB AUTO_INCREMENT=3 DEFAULT CHARSET=utf8mb4 COMMENT='数据库连接信息';

-- ----------------------------
--  Records of `sys_dbsource`
-- ----------------------------
BEGIN;
INSERT INTO `sys_dbsource` VALUES ('2', 'defaultDataSourceKey', 'jdbc:mysql://127.0.0.1:3306/jeecf?useUnicode=true&characterEncoding=utf8&zeroDateTimeBehavior=convertToNull', 'root', 'ltACiHjVjIn+uVm31GQvyw==', 'config:sysDbsource:work', '1', '', '0', '2018-11-10 16:17:28', 'be50e868ce4841ebb63bb1694b2413ef', '2019-04-21 16:19:50', 'be50e868ce4841ebb63bb1694b2413ef');
COMMIT;

-- ----------------------------
--  Table structure for `sys_dict`
-- ----------------------------
DROP TABLE IF EXISTS `sys_dict`;
CREATE TABLE `sys_dict` (
  `id` int(11) NOT NULL AUTO_INCREMENT COMMENT '主键',
  `type` varchar(50) NOT NULL DEFAULT '' COMMENT '类型',
  `name` varchar(20) NOT NULL DEFAULT '' COMMENT '名称',
  `label` varchar(20) NOT NULL DEFAULT '' COMMENT '标签',
  `value` int(5) NOT NULL DEFAULT '0' COMMENT '值',
  `description` varchar(50) NOT NULL DEFAULT '' COMMENT '描述',
  `sys_namespace_id` int(11) NOT NULL DEFAULT '0' COMMENT '关联命名空间',
  `remark` varchar(255) NOT NULL DEFAULT '' COMMENT '备注',
  `create_by` varchar(64) NOT NULL DEFAULT '' COMMENT '创建人',
  `create_date` datetime NOT NULL DEFAULT CURRENT_TIMESTAMP COMMENT '创建时间',
  `update_by` varchar(64) NOT NULL DEFAULT '' COMMENT '更新人',
  `update_date` datetime NOT NULL DEFAULT CURRENT_TIMESTAMP COMMENT '更新时间',
  PRIMARY KEY (`id`),
  UNIQUE KEY `idx_type_namespace` (`type`,`sys_namespace_id`,`label`) USING BTREE,
  KEY `idx_type` (`type`) USING BTREE,
  KEY `idx_namespace_id` (`sys_namespace_id`) USING BTREE,
  KEY `idx_update_date` (`update_date`) USING BTREE
) ENGINE=InnoDB AUTO_INCREMENT=101 DEFAULT CHARSET=utf8 COMMENT='数据字典';

-- ----------------------------
--  Records of `sys_dict`
-- ----------------------------
BEGIN;
INSERT INTO `sys_dict` VALUES ('90', 'sex', '男', 'MAN', '1', '性别', '1', '', 'be50e868ce4841ebb63bb1694b2413ef', '2018-12-01 11:42:12', 'be50e868ce4841ebb63bb1694b2413ef', '2018-12-01 21:22:29'), ('92', 'sex', '男', 'MAN', '1', '性别', '5', '', 'be50e868ce4841ebb63bb1694b2413ef', '2018-12-02 14:02:33', 'be50e868ce4841ebb63bb1694b2413ef', '2018-12-02 14:02:33'), ('93', 'sex', '女', 'WOMAN', '2', '性别', '5', '', 'be50e868ce4841ebb63bb1694b2413ef', '2018-12-02 14:03:32', 'be50e868ce4841ebb63bb1694b2413ef', '2018-12-02 14:03:32'), ('94', 'language', '汉语', 'CHINESE', '1', '语言', '1', '', 'be50e868ce4841ebb63bb1694b2413ef', '2018-12-15 12:58:29', 'be50e868ce4841ebb63bb1694b2413ef', '2018-12-15 12:58:29'), ('95', 'language', '英语', 'ENGLISH', '2', '语言', '1', '', 'be50e868ce4841ebb63bb1694b2413ef', '2018-12-15 13:01:17', 'be50e868ce4841ebb63bb1694b2413ef', '2018-12-15 13:01:17'), ('98', 'sex', '女', 'WOMAN', '2', '性别', '1', '', 'be50e868ce4841ebb63bb1694b2413ef', '2018-12-18 14:12:13', 'be50e868ce4841ebb63bb1694b2413ef', '2018-12-18 14:12:13'), ('99', 'language', '汉语', 'CHINESE', '1', '语言', '5', '', 'be50e868ce4841ebb63bb1694b2413ef', '2018-12-21 13:23:35', 'be50e868ce4841ebb63bb1694b2413ef', '2018-12-21 13:23:35'), ('100', 'language', '英语', 'ENGLISH', '2', '语言', '5', '', 'be50e868ce4841ebb63bb1694b2413ef', '2018-12-21 13:24:15', 'be50e868ce4841ebb63bb1694b2413ef', '2018-12-21 13:24:15');
COMMIT;

-- ----------------------------
--  Table structure for `sys_menu`
-- ----------------------------
DROP TABLE IF EXISTS `sys_menu`;
CREATE TABLE `sys_menu` (
  `id` int(11) NOT NULL AUTO_INCREMENT COMMENT '索引',
  `name` varchar(20) NOT NULL DEFAULT '' COMMENT '菜单名',
  `label` varchar(20) NOT NULL DEFAULT '' COMMENT '标签',
  `parent_id` varchar(11) NOT NULL DEFAULT '' COMMENT '父菜单索引',
  `parent_ids` varchar(255) NOT NULL DEFAULT '' COMMENT '所有父菜单索引',
  `level` int(5) NOT NULL DEFAULT '0' COMMENT '菜单等级',
  `module_label` varchar(20) NOT NULL DEFAULT '' COMMENT '模块菜单标签',
  `sort` int(8) NOT NULL DEFAULT '0' COMMENT '排序',
  `route` int(1) NOT NULL DEFAULT '0' COMMENT '路由',
  `permission` varchar(50) NOT NULL DEFAULT '' COMMENT '权限',
  `icon` varchar(255) NOT NULL DEFAULT '' COMMENT '图标标识',
  `is_icon` int(1) NOT NULL DEFAULT '0' COMMENT '是否显示图标',
  `remark` varchar(255) NOT NULL DEFAULT '' COMMENT '备注',
  `create_by` varchar(64) NOT NULL DEFAULT '' COMMENT '创建人',
  `create_date` datetime NOT NULL DEFAULT CURRENT_TIMESTAMP COMMENT '创建时间',
  `update_by` varchar(64) NOT NULL DEFAULT '' COMMENT '更新人',
  `update_date` datetime NOT NULL DEFAULT CURRENT_TIMESTAMP COMMENT '更新时间',
  PRIMARY KEY (`id`),
  UNIQUE KEY `idx_label` (`label`) USING BTREE,
  KEY `idx_module_label` (`module_label`) USING BTREE,
  KEY `idx_permission` (`permission`) USING BTREE,
  KEY `idx_update_date` (`update_date`) USING BTREE
) ENGINE=InnoDB AUTO_INCREMENT=50 DEFAULT CHARSET=utf8 COMMENT='系统菜单';

-- ----------------------------
--  Records of `sys_menu`
-- ----------------------------
BEGIN;
INSERT INTO `sys_menu` VALUES ('4', '代码数据', 'gen', '', '', '1', 'gen', '30', '0', 'gen:view', '', '0', '', 'be50e868ce4841ebb63bb1694b2413ef', '2018-06-09 21:43:22', 'be50e868ce4841ebb63bb1694b2413ef', '2018-10-27 19:20:35'), ('7', '数表配置', 'genTable', '34', '34', '2', 'template', '20', '1', 'template:genTable:view', '', '0', '', 'be50e868ce4841ebb63bb1694b2413ef', '2018-06-22 21:55:25', 'be50e868ce4841ebb63bb1694b2413ef', '2018-10-27 19:21:00'), ('11', '配置中心', 'config', '', '', '1', 'config', '20', '0', 'config:view', '', '0', '', 'be50e868ce4841ebb63bb1694b2413ef', '2018-07-04 22:31:34', 'be50e868ce4841ebb63bb1694b2413ef', '2018-10-28 10:36:48'), ('12', '菜单配置', 'sysMenu', '11', '11', '2', 'config', '10', '1', 'config:sysMenu:view', '', '0', '', 'be50e868ce4841ebb63bb1694b2413ef', '2018-07-04 22:31:34', 'be50e868ce4841ebb63bb1694b2413ef', '2018-10-28 10:36:48'), ('23', '数据字典', 'sysDict', '4', '4', '2', 'gen', '10', '1', 'gen:sysDict:view', '', '0', '', 'be50e868ce4841ebb63bb1694b2413ef', '2018-07-17 23:37:42', 'be50e868ce4841ebb63bb1694b2413ef', '2018-10-27 19:42:46'), ('24', '用户权限', 'userpower', '', '', '1', 'userpower', '20', '0', 'userpower:view', '', '0', '', 'be50e868ce4841ebb63bb1694b2413ef', '2018-07-23 23:15:24', 'be50e868ce4841ebb63bb1694b2413ef', '2018-07-31 00:18:59'), ('25', '权限配置', 'sysPower', '24', '24', '2', 'userpower', '40', '1', 'userpower:sysPower:view', '', '0', '', 'be50e868ce4841ebb63bb1694b2413ef', '2018-07-23 23:15:57', 'be50e868ce4841ebb63bb1694b2413ef', '2018-08-25 10:45:22'), ('26', '系统角色', 'sysRole', '24', '24', '2', 'userpower', '30', '1', 'userpower:sysRole:view', '', '0', '', 'be50e868ce4841ebb63bb1694b2413ef', '2018-07-24 23:50:29', 'be50e868ce4841ebb63bb1694b2413ef', '2018-08-25 10:45:37'), ('27', '系统用户', 'sysUser', '24', '24', '2', 'userpower', '10', '1', 'userpower:sysUser:view', '', '0', '', 'be50e868ce4841ebb63bb1694b2413ef', '2018-07-28 19:56:21', 'be50e868ce4841ebb63bb1694b2413ef', '2018-07-31 00:18:59'), ('28', '运维管理', 'operation', '', '', '1', 'operation', '60', '0', 'operation:view', '', '0', '', 'be50e868ce4841ebb63bb1694b2413ef', '2018-08-11 19:52:44', 'be50e868ce4841ebb63bb1694b2413ef', '2018-10-27 19:21:09'), ('29', 'api 接口', 'swagger2', '28', '28', '2', 'operation', '10', '1', 'operation:swagger2:view', '', '0', '', 'be50e868ce4841ebb63bb1694b2413ef', '2018-08-11 20:08:06', 'be50e868ce4841ebb63bb1694b2413ef', '2018-10-27 19:21:09'), ('30', '连接池监控', 'druid', '28', '28', '2', 'operation', '20', '1', 'operation:druid:view', '', '0', '', 'be50e868ce4841ebb63bb1694b2413ef', '2018-08-11 22:06:06', 'be50e868ce4841ebb63bb1694b2413ef', '2018-10-27 19:21:09'), ('31', '密码修改', 'sysPwd', '24', '24', '2', 'userpower', '20', '1', 'userpower:sysPwd:view', '', '0', '', 'be50e868ce4841ebb63bb1694b2413ef', '2018-08-25 10:45:03', 'be50e868ce4841ebb63bb1694b2413ef', '2018-10-28 11:27:03'), ('32', '数据库配置', 'sysDbsource', '11', '11', '2', 'config', '40', '1', 'config:sysDbsource:view', '', '0', '', 'be50e868ce4841ebb63bb1694b2413ef', '2018-08-28 13:05:48', 'be50e868ce4841ebb63bb1694b2413ef', '2018-10-28 10:36:48'), ('33', '命名空间', 'sysNamespace', '11', '11', '2', 'config', '20', '1', 'config:sysNamespace:view', '', '0', '', 'be50e868ce4841ebb63bb1694b2413ef', '2018-09-09 15:38:01', 'be50e868ce4841ebb63bb1694b2413ef', '2018-10-28 10:36:48'), ('34', '模版生成', 'template', '', '', '1', 'template', '40', '0', 'template:view', '', '0', '', 'be50e868ce4841ebb63bb1694b2413ef', '2018-09-15 22:05:59', 'be50e868ce4841ebb63bb1694b2413ef', '2018-10-27 19:21:00'), ('37', '模版配置', 'genTemplate', '34', '34', '2', 'template', '40', '1', 'template:genTemplate:view', '', '0', '', 'be50e868ce4841ebb63bb1694b2413ef', '2018-09-16 18:48:36', 'be50e868ce4841ebb63bb1694b2413ef', '2018-10-27 19:21:00'), ('38', '模版参数', 'genField', '34', '34', '2', 'template', '30', '1', 'template:genField:view', '', '0', '', 'be50e868ce4841ebb63bb1694b2413ef', '2018-09-17 16:53:51', 'be50e868ce4841ebb63bb1694b2413ef', '2018-10-27 19:21:00'), ('39', '文档', 'doc', '', '', '1', 'doc', '10', '0', 'doc:view', '', '0', '', 'be50e868ce4841ebb63bb1694b2413ef', '2018-10-28 10:26:04', 'be50e868ce4841ebb63bb1694b2413ef', '2018-10-28 21:23:03'), ('40', '功能介绍', 'functionIntroduction', '39', '39', '2', 'doc', '10', '1', 'doc:functionIntroduction:view', '', '0', '', 'be50e868ce4841ebb63bb1694b2413ef', '2018-10-28 10:26:45', 'be50e868ce4841ebb63bb1694b2413ef', '2018-10-28 21:23:03'), ('41', '客户操作日志', 'customerActionLog', '28', '28', '2', 'operation', '30', '1', 'operation:customerActionLog:view', '', '0', '', 'be50e868ce4841ebb63bb1694b2413ef', '2018-11-22 15:33:37', 'be50e868ce4841ebb63bb1694b2413ef', '2018-11-22 15:33:37'), ('42', '组织结构', 'sysOffice', '11', '11', '2', 'config', '30', '1', 'config:sysOffice:view', '', '0', '', 'be50e868ce4841ebb63bb1694b2413ef', '2018-12-09 09:45:55', 'be50e868ce4841ebb63bb1694b2413ef', '2018-12-09 09:45:55'), ('43', '表组字典', 'sysTableDict', '4', '4', '2', 'gen', '40', '1', 'gen:sysTableDict:view', '', '0', '', 'be50e868ce4841ebb63bb1694b2413ef', '2018-12-16 10:40:17', 'be50e868ce4841ebb63bb1694b2413ef', '2018-12-16 10:40:17'), ('44', '树组字典', 'sysTreeDict', '4', '4', '2', 'gen', '40', '1', 'gen:sysTreeDict:view', '', '0', '', 'be50e868ce4841ebb63bb1694b2413ef', '2018-12-28 20:33:38', 'be50e868ce4841ebb63bb1694b2413ef', '2018-12-28 20:33:38'), ('45', '功能扩展', 'extend', '', '', '1', 'extend', '50', '0', 'extend:view', '', '0', '', 'be50e868ce4841ebb63bb1694b2413ef', '2019-01-03 20:43:06', 'be50e868ce4841ebb63bb1694b2413ef', '2019-01-03 20:43:06'), ('46', '虚表配置', 'sysVirtualTable', '45', '45', '2', 'extend', '10', '1', 'extend:sysVirtualTable:view', '', '0', '', 'be50e868ce4841ebb63bb1694b2413ef', '2019-01-03 20:43:36', 'be50e868ce4841ebb63bb1694b2413ef', '2019-01-03 20:43:36'), ('47', '全量插件', 'sysOsgiPluginAll', '45', '45', '2', 'extend', '30', '1', 'extend:sysOsgiPluginAll:view', '', '0', '', 'be50e868ce4841ebb63bb1694b2413ef', '2019-01-09 16:13:27', 'be50e868ce4841ebb63bb1694b2413ef', '2019-01-09 16:13:27'), ('48', '插件管理', 'sysOsgiPlugin', '45', '45', '2', 'extend', '20', '1', 'extend:sysOsgiPlugin:view', '', '0', '', 'be50e868ce4841ebb63bb1694b2413ef', '2019-01-10 16:23:35', 'be50e868ce4841ebb63bb1694b2413ef', '2019-01-10 16:23:35'), ('49', '全量模版', 'genTemplateAll', '34', '34', '2', 'template', '50', '1', 'template:genTemplateAll:view', '', '0', '', 'be50e868ce4841ebb63bb1694b2413ef', '2019-04-21 16:09:06', 'be50e868ce4841ebb63bb1694b2413ef', '2019-04-21 16:09:06');
COMMIT;

-- ----------------------------
--  Table structure for `sys_namespace`
-- ----------------------------
DROP TABLE IF EXISTS `sys_namespace`;
CREATE TABLE `sys_namespace` (
  `id` int(11) NOT NULL AUTO_INCREMENT COMMENT '主键',
  `name` varchar(20) NOT NULL DEFAULT '' COMMENT '名称',
  `description` varchar(50) NOT NULL DEFAULT '' COMMENT '描述',
  `permission` varchar(50) NOT NULL DEFAULT '' COMMENT '权限',
  `remark` varchar(255) NOT NULL DEFAULT '' COMMENT '备注',
  `del_flag` int(1) NOT NULL DEFAULT '0' COMMENT '逻辑删除',
  `create_date` datetime NOT NULL DEFAULT CURRENT_TIMESTAMP COMMENT '创建时间',
  `create_by` varchar(64) NOT NULL DEFAULT '' COMMENT '创建人',
  `update_date` datetime NOT NULL DEFAULT CURRENT_TIMESTAMP COMMENT '更新时间',
  `update_by` varchar(64) NOT NULL DEFAULT '' COMMENT '更新人',
  PRIMARY KEY (`id`),
  UNIQUE KEY `idx_name` (`name`) USING BTREE,
  KEY `idx_permission` (`permission`) USING BTREE,
  KEY `idx_update_date` (`update_date`) USING BTREE
) ENGINE=InnoDB AUTO_INCREMENT=6 DEFAULT CHARSET=utf8mb4 COMMENT='系统命名空间';

-- ----------------------------
--  Records of `sys_namespace`
-- ----------------------------
BEGIN;
INSERT INTO `sys_namespace` VALUES ('1', 'work', '工作', 'config:sysNamespace:work', '', '0', '2018-11-24 08:53:18', 'be50e868ce4841ebb63bb1694b2413ef', '2019-03-01 18:53:07', 'be50e868ce4841ebb63bb1694b2413ef'), ('5', 'guest', '客户', 'config:sysNamespace:guest', '', '0', '2018-11-30 18:03:56', 'be50e868ce4841ebb63bb1694b2413ef', '2019-01-13 10:13:52', 'be50e868ce4841ebb63bb1694b2413ef');
COMMIT;

-- ----------------------------
--  Table structure for `sys_office`
-- ----------------------------
DROP TABLE IF EXISTS `sys_office`;
CREATE TABLE `sys_office` (
  `id` int(11) NOT NULL AUTO_INCREMENT COMMENT '主键',
  `name` varchar(20) NOT NULL DEFAULT '' COMMENT '名称',
  `enname` varchar(20) NOT NULL DEFAULT '' COMMENT '英文名称',
  `parent_id` varchar(11) NOT NULL DEFAULT '' COMMENT '父级',
  `parent_ids` varchar(255) NOT NULL DEFAULT '' COMMENT '所有父级',
  `level` int(5) NOT NULL DEFAULT '0' COMMENT '等级',
  `sort` int(8) NOT NULL DEFAULT '0' COMMENT '排序',
  `remark` varchar(255) NOT NULL DEFAULT '' COMMENT '备注',
  `create_date` timestamp NOT NULL DEFAULT CURRENT_TIMESTAMP COMMENT '创建时间',
  `create_by` varchar(255) NOT NULL DEFAULT '' COMMENT '创建人',
  `update_date` timestamp NOT NULL DEFAULT CURRENT_TIMESTAMP COMMENT '更新时间',
  `update_by` varchar(255) NOT NULL DEFAULT '' COMMENT '更新人',
  PRIMARY KEY (`id`)
) ENGINE=InnoDB AUTO_INCREMENT=2 DEFAULT CHARSET=utf8mb4 COMMENT='组织机构';

-- ----------------------------
--  Records of `sys_office`
-- ----------------------------
BEGIN;
INSERT INTO `sys_office` VALUES ('1', 'jeecf', 'jeecf', '', '', '1', '10', '', '2018-12-09 10:26:02', 'be50e868ce4841ebb63bb1694b2413ef', '2018-12-18 12:50:37', 'be50e868ce4841ebb63bb1694b2413ef');
COMMIT;

-- ----------------------------
--  Table structure for `sys_osgi_plugin`
-- ----------------------------
DROP TABLE IF EXISTS `sys_osgi_plugin`;
CREATE TABLE `sys_osgi_plugin` (
  `id` int(11) NOT NULL AUTO_INCREMENT COMMENT '主键',
  `name` varchar(50) NOT NULL DEFAULT '' COMMENT '名称',
  `sys_namespace_id` int(11) NOT NULL DEFAULT '0' COMMENT '命名空间',
  `boundle_type` int(5) NOT NULL DEFAULT '0' COMMENT '插件类型',
  `wiki_uri` varchar(100) NOT NULL DEFAULT '' COMMENT 'wiki地址',
  `description` varchar(50) NOT NULL DEFAULT '' COMMENT '描述',
  `remark` varchar(255) NOT NULL DEFAULT '' COMMENT '备注',
  `del_flag` int(1) NOT NULL DEFAULT '0' COMMENT '逻辑删除',
  `create_date` timestamp NOT NULL DEFAULT CURRENT_TIMESTAMP COMMENT '创建时间',
  `create_by` varchar(64) NOT NULL DEFAULT '' COMMENT '创建人',
  `update_date` timestamp NOT NULL DEFAULT CURRENT_TIMESTAMP COMMENT '更新时间',
  `update_by` varchar(64) NOT NULL DEFAULT '' COMMENT '更新人',
  PRIMARY KEY (`id`),
  UNIQUE KEY `idx_unique` (`name`,`sys_namespace_id`) USING BTREE COMMENT '唯一约束'
) ENGINE=InnoDB AUTO_INCREMENT=15 DEFAULT CHARSET=utf8mb4 COMMENT='OSGI 插件管理表';

-- ----------------------------
--  Records of `sys_osgi_plugin`
-- ----------------------------
BEGIN;
INSERT INTO `sys_osgi_plugin` VALUES ('11', 'jeecf-plugin-language-1.1.0-SNAPSHOT.jar', '0', '1', '/jianym/jeecf/wiki', '语言插件', '', '0', '2019-03-07 14:26:53', 'be50e868ce4841ebb63bb1694b2413ef', '2019-03-07 14:26:53', 'be50e868ce4841ebb63bb1694b2413ef'), ('12', 'jeecf-plugin-language-1.1.0-SNAPSHOT.jar', '5', '1', '/jianym/jeecf/wiki', '语言插件', '', '0', '2019-03-07 14:26:53', 'be50e868ce4841ebb63bb1694b2413ef', '2019-03-07 14:26:53', 'be50e868ce4841ebb63bb1694b2413ef'), ('14', 'jeecf-plugin-language-1.1.0-SNAPSHOT.jar', '1', '1', '/jianym/jeecf/wiki', '语言插件', '', '0', '2019-03-07 14:26:53', 'be50e868ce4841ebb63bb1694b2413ef', '2019-03-07 14:26:53', 'be50e868ce4841ebb63bb1694b2413ef');
COMMIT;

-- ----------------------------
--  Table structure for `sys_power`
-- ----------------------------
DROP TABLE IF EXISTS `sys_power`;
CREATE TABLE `sys_power` (
  `id` int(11) NOT NULL AUTO_INCREMENT COMMENT '主键',
  `name` varchar(20) NOT NULL DEFAULT '' COMMENT '权限名称',
  `permission` varchar(50) NOT NULL DEFAULT '' COMMENT '权限标识',
  `parent_id` varchar(11) NOT NULL DEFAULT '' COMMENT '父级',
  `parent_ids` varchar(255) NOT NULL DEFAULT '' COMMENT '所有父级',
  `label` int(1) NOT NULL DEFAULT '0' COMMENT '标签',
  `level` int(5) NOT NULL DEFAULT '0' COMMENT '等级',
  `sort` int(8) NOT NULL DEFAULT '0' COMMENT '排序',
  `remark` varchar(255) NOT NULL DEFAULT '' COMMENT '备注',
  `create_date` datetime NOT NULL DEFAULT CURRENT_TIMESTAMP COMMENT '创建时间',
  `update_date` datetime NOT NULL DEFAULT CURRENT_TIMESTAMP COMMENT '更新时间',
  `create_by` varchar(64) NOT NULL DEFAULT '' COMMENT '创建人',
  `update_by` varchar(64) NOT NULL DEFAULT '' COMMENT '更新人',
  PRIMARY KEY (`id`),
  UNIQUE KEY `idx_permission` (`permission`) USING BTREE,
  KEY `idx_name` (`name`) USING BTREE,
  KEY `idx_update_date` (`update_date`) USING BTREE
) ENGINE=InnoDB AUTO_INCREMENT=86 DEFAULT CHARSET=utf8 COMMENT='系统权限表';

-- ----------------------------
--  Records of `sys_power`
-- ----------------------------
BEGIN;
INSERT INTO `sys_power` VALUES ('10', '代码生成菜单权限', 'gen:base', '', '', '1', '1', '40', '', '2018-07-31 23:56:01', '2018-11-04 13:42:59', 'be50e868ce4841ebb63bb1694b2413ef', 'be50e868ce4841ebb63bb1694b2413ef'), ('11', '业务表菜单权限', 'template:genTable:base', '26', '26', '1', '2', '10', '', '2018-07-31 23:57:57', '2018-11-04 13:43:36', 'be50e868ce4841ebb63bb1694b2413ef', 'be50e868ce4841ebb63bb1694b2413ef'), ('13', '系统用户菜单权限', 'userpower:sysUser:base', '15', '15', '1', '2', '10', '', '2018-08-01 20:28:03', '2018-11-04 13:44:45', 'be50e868ce4841ebb63bb1694b2413ef', 'be50e868ce4841ebb63bb1694b2413ef'), ('14', '配置中心菜单权限', 'config:base', '', '', '1', '1', '20', '', '2018-08-01 20:49:57', '2018-11-04 13:40:10', 'be50e868ce4841ebb63bb1694b2413ef', 'be50e868ce4841ebb63bb1694b2413ef'), ('15', '用户管理菜单权限', 'userpower:base', '', '', '1', '1', '30', '', '2018-08-01 20:51:17', '2018-11-04 13:42:37', 'be50e868ce4841ebb63bb1694b2413ef', 'be50e868ce4841ebb63bb1694b2413ef'), ('16', '菜单配置权限', 'config:sysMenu:base', '14', '14', '1', '2', '10', '', '2018-08-02 23:41:46', '2018-11-22 23:44:43', 'be50e868ce4841ebb63bb1694b2413ef', 'be50e868ce4841ebb63bb1694b2413ef'), ('17', '数据字典权限', 'gen:sysDict:base', '10', '10', '1', '2', '20', '', '2018-08-02 23:53:28', '2018-11-04 13:43:13', 'be50e868ce4841ebb63bb1694b2413ef', 'be50e868ce4841ebb63bb1694b2413ef'), ('18', '系统角色权限', 'userpower:sysRole:base', '15', '15', '1', '2', '30', '', '2018-08-02 23:57:28', '2018-11-04 13:45:10', 'be50e868ce4841ebb63bb1694b2413ef', 'be50e868ce4841ebb63bb1694b2413ef'), ('19', '权限配置菜单权限', 'userpower:sysPower:base', '15', '15', '1', '2', '40', '', '2018-08-02 23:58:59', '2018-11-04 13:45:42', 'be50e868ce4841ebb63bb1694b2413ef', 'be50e868ce4841ebb63bb1694b2413ef'), ('20', '运维管理菜单权限', 'operation:base', '', '', '1', '1', '60', '', '2018-08-11 19:55:32', '2018-11-04 13:44:14', 'be50e868ce4841ebb63bb1694b2413ef', 'be50e868ce4841ebb63bb1694b2413ef'), ('21', 'api接口菜单权限', 'operation:swagger2:base', '20', '20', '1', '2', '10', '', '2018-08-11 20:16:01', '2018-11-04 13:44:24', 'be50e868ce4841ebb63bb1694b2413ef', 'be50e868ce4841ebb63bb1694b2413ef'), ('22', '数据库连接池菜单权限', 'operation:druid:base', '20', '20', '1', '2', '20', '', '2018-08-11 22:07:22', '2018-11-04 13:44:33', 'be50e868ce4841ebb63bb1694b2413ef', 'be50e868ce4841ebb63bb1694b2413ef'), ('23', '密码修改权限', 'userpower:sysPwd:base', '15', '15', '1', '2', '20', '', '2018-08-25 11:02:25', '2018-11-04 13:44:59', 'be50e868ce4841ebb63bb1694b2413ef', 'be50e868ce4841ebb63bb1694b2413ef'), ('24', '数据库配置权限', 'config:sysDbsource:base', '14', '14', '1', '2', '30', '', '2018-08-28 13:07:25', '2018-11-04 13:42:23', 'be50e868ce4841ebb63bb1694b2413ef', 'be50e868ce4841ebb63bb1694b2413ef'), ('25', '命名空间配置权限', 'config:sysNamespace:base', '14', '14', '1', '2', '20', '', '2018-09-09 15:39:45', '2018-11-04 13:42:00', 'be50e868ce4841ebb63bb1694b2413ef', 'be50e868ce4841ebb63bb1694b2413ef'), ('26', '模版生成权限', 'template:base', '', '', '1', '1', '50', '', '2018-09-15 22:12:49', '2018-11-04 13:43:27', 'be50e868ce4841ebb63bb1694b2413ef', 'be50e868ce4841ebb63bb1694b2413ef'), ('29', '模版配置权限', 'template:genTemplate:base', '26', '26', '1', '2', '30', '', '2018-09-16 19:04:36', '2018-11-04 13:43:49', 'be50e868ce4841ebb63bb1694b2413ef', 'be50e868ce4841ebb63bb1694b2413ef'), ('30', '模版参数权限', 'template:genField:base', '26', '26', '1', '2', '40', '', '2018-09-17 16:54:44', '2018-11-04 13:44:04', 'be50e868ce4841ebb63bb1694b2413ef', 'be50e868ce4841ebb63bb1694b2413ef'), ('31', '文档权限', 'doc:base', '', '', '1', '1', '10', '', '2018-10-28 10:37:37', '2018-12-21 13:14:01', 'be50e868ce4841ebb63bb1694b2413ef', 'be50e868ce4841ebb63bb1694b2413ef'), ('32', '功能介绍文档权限', 'doc:functionIntroduction:base', '31', '31', '1', '2', '10', '', '2018-10-28 10:39:06', '2018-12-21 13:14:06', 'be50e868ce4841ebb63bb1694b2413ef', 'be50e868ce4841ebb63bb1694b2413ef'), ('33', '数据库配置视图权限', 'config:sysDbsource:view', '24', '14,24', '1', '3', '10', '', '2018-11-01 11:08:42', '2018-11-01 11:08:42', 'be50e868ce4841ebb63bb1694b2413ef', 'be50e868ce4841ebb63bb1694b2413ef'), ('34', '菜单配置视图权限', 'config:sysMenu:view', '16', '14,16', '1', '3', '10', '', '2018-11-01 12:57:16', '2018-11-01 12:57:16', 'be50e868ce4841ebb63bb1694b2413ef', 'be50e868ce4841ebb63bb1694b2413ef'), ('35', '菜单配置编辑权限', 'config:sysMenu:edit', '16', '14,16', '1', '3', '20', '', '2018-11-01 12:57:56', '2018-11-01 12:57:56', 'be50e868ce4841ebb63bb1694b2413ef', 'be50e868ce4841ebb63bb1694b2413ef'), ('36', '命名空间配置视图权限', 'config:sysNamespace:view', '25', '14,25', '1', '3', '10', '', '2018-11-01 13:01:07', '2018-11-01 13:01:07', 'be50e868ce4841ebb63bb1694b2413ef', 'be50e868ce4841ebb63bb1694b2413ef'), ('37', '命名空间配置编辑权限', 'config:sysNamespace:edit', '25', '14,25', '1', '3', '20', '', '2018-11-01 13:01:44', '2018-11-01 13:01:44', 'be50e868ce4841ebb63bb1694b2413ef', 'be50e868ce4841ebb63bb1694b2413ef'), ('38', '数据库配置编辑权限', 'config:sysDbsource:edit', '24', '14,24', '1', '3', '20', '', '2018-11-01 13:02:37', '2018-11-01 13:02:37', 'be50e868ce4841ebb63bb1694b2413ef', 'be50e868ce4841ebb63bb1694b2413ef'), ('39', '数据字典视图权限', 'gen:sysDict:view', '17', '10,17', '1', '3', '10', '', '2018-11-01 13:03:31', '2018-11-01 13:03:31', 'be50e868ce4841ebb63bb1694b2413ef', 'be50e868ce4841ebb63bb1694b2413ef'), ('40', '数据字典编辑权限', 'gen:sysDict:edit', '17', '10,17', '1', '3', '20', '', '2018-11-01 13:04:26', '2018-11-01 13:04:26', 'be50e868ce4841ebb63bb1694b2413ef', 'be50e868ce4841ebb63bb1694b2413ef'), ('41', '系统用户菜单视图权限', 'userpower:sysUser:view', '13', '15,13', '1', '3', '10', '', '2018-11-01 13:05:39', '2018-11-01 13:05:39', 'be50e868ce4841ebb63bb1694b2413ef', 'be50e868ce4841ebb63bb1694b2413ef'), ('42', '系统用户菜单编辑权限', 'userpower:sysUser:edit', '13', '15,13', '1', '3', '20', '', '2018-11-01 13:06:37', '2018-11-01 13:06:37', 'be50e868ce4841ebb63bb1694b2413ef', 'be50e868ce4841ebb63bb1694b2413ef'), ('43', '系统角色视图权限', 'userpower:sysRole:view', '18', '15,18', '1', '3', '10', '', '2018-11-01 13:07:49', '2018-11-01 13:07:49', 'be50e868ce4841ebb63bb1694b2413ef', 'be50e868ce4841ebb63bb1694b2413ef'), ('44', '系统角色编辑权限', 'userpower:sysRole:edit', '18', '15,18', '1', '3', '40', '', '2018-11-01 13:08:33', '2018-11-01 13:08:33', 'be50e868ce4841ebb63bb1694b2413ef', 'be50e868ce4841ebb63bb1694b2413ef'), ('45', '权限配置菜单视图权限', 'userpower:sysPower:view', '19', '15,19', '1', '3', '10', '', '2018-11-01 13:09:17', '2018-11-01 13:09:17', 'be50e868ce4841ebb63bb1694b2413ef', 'be50e868ce4841ebb63bb1694b2413ef'), ('46', '权限配置菜单编辑权限', 'userpower:sysPower:edit', '19', '15,19', '1', '3', '20', '', '2018-11-01 13:09:58', '2018-11-01 13:09:58', 'be50e868ce4841ebb63bb1694b2413ef', 'be50e868ce4841ebb63bb1694b2413ef'), ('47', '业务表菜单视图权限', 'template:genTable:view', '11', '26,11', '1', '3', '10', '', '2018-11-01 13:11:28', '2018-11-01 13:11:28', 'be50e868ce4841ebb63bb1694b2413ef', 'be50e868ce4841ebb63bb1694b2413ef'), ('48', '业务表菜单编辑权限', 'template:genTable:edit', '11', '26,11', '1', '3', '20', '', '2018-11-01 13:12:02', '2018-11-01 13:12:02', 'be50e868ce4841ebb63bb1694b2413ef', 'be50e868ce4841ebb63bb1694b2413ef'), ('49', '模版配置视图权限', 'template:genTemplate:view', '29', '26,29', '1', '3', '10', '', '2018-11-01 13:13:04', '2018-11-01 13:13:04', 'be50e868ce4841ebb63bb1694b2413ef', 'be50e868ce4841ebb63bb1694b2413ef'), ('50', '模版配置编辑权限', 'template:genTemplate:edit', '29', '26,29', '1', '3', '20', '', '2018-11-01 13:13:48', '2018-11-01 13:13:48', 'be50e868ce4841ebb63bb1694b2413ef', 'be50e868ce4841ebb63bb1694b2413ef'), ('51', '模版参数视图权限', 'template:genField:view', '30', '26,30', '1', '3', '10', '', '2018-11-01 13:14:24', '2018-11-01 13:14:24', 'be50e868ce4841ebb63bb1694b2413ef', 'be50e868ce4841ebb63bb1694b2413ef'), ('52', '模版参数编辑权限', 'template:genField:edit', '30', '26,30', '1', '3', '20', '', '2018-11-01 13:14:47', '2018-11-01 13:14:47', 'be50e868ce4841ebb63bb1694b2413ef', 'be50e868ce4841ebb63bb1694b2413ef'), ('54', '数据源work权限', 'config:sysDbsource:work', '14', '14', '3', '2', '30', '', '2018-11-02 21:06:04', '2018-11-04 13:40:10', 'be50e868ce4841ebb63bb1694b2413ef', 'be50e868ce4841ebb63bb1694b2413ef'), ('55', '数据源guest权限', 'config:sysDbsource:guest', '14', '14', '3', '2', '30', '', '2018-11-03 14:38:36', '2018-11-30 17:59:48', 'be50e868ce4841ebb63bb1694b2413ef', 'be50e868ce4841ebb63bb1694b2413ef'), ('57', '客户操作日志权限', 'operation:customerActionLog:view', '20', '20', '1', '2', '30', '', '2018-11-22 15:34:52', '2018-11-22 15:38:52', 'be50e868ce4841ebb63bb1694b2413ef', 'be50e868ce4841ebb63bb1694b2413ef'), ('58', '命名空间work权限', 'config:sysNamespace:work', '14', '14', '2', '2', '20', '', '2018-11-24 09:06:51', '2018-11-24 09:06:51', 'be50e868ce4841ebb63bb1694b2413ef', 'be50e868ce4841ebb63bb1694b2413ef'), ('62', '命名空间guest权限', 'config:sysNamespace:guest', '14', '14', '2', '2', '10', '', '2018-11-30 18:03:56', '2018-12-04 14:37:51', 'be50e868ce4841ebb63bb1694b2413ef', 'be50e868ce4841ebb63bb1694b2413ef'), ('63', '组织结构权限', 'config:sysOffice:base', '14', '14', '1', '2', '30', '', '2018-12-09 09:46:42', '2018-12-09 09:46:42', 'be50e868ce4841ebb63bb1694b2413ef', 'be50e868ce4841ebb63bb1694b2413ef'), ('64', '组织结构视图权限', 'config:sysOffice:view', '63', '14,63', '1', '3', '10', '', '2018-12-09 10:00:13', '2018-12-09 10:00:13', 'be50e868ce4841ebb63bb1694b2413ef', 'be50e868ce4841ebb63bb1694b2413ef'), ('65', '组织结构编辑权限', 'config:sysOffice:edit', '63', '14,63', '1', '3', '20', '', '2018-12-09 10:03:30', '2018-12-09 10:03:30', 'be50e868ce4841ebb63bb1694b2413ef', 'be50e868ce4841ebb63bb1694b2413ef'), ('66', '表组字典权限', 'gen:sysTableDict:base', '10', '10', '1', '2', '50', '', '2018-12-16 10:41:58', '2018-12-16 10:41:58', 'be50e868ce4841ebb63bb1694b2413ef', 'be50e868ce4841ebb63bb1694b2413ef'), ('67', '表组字典编辑权限', 'gen:sysTableDict:edit', '66', '10,66', '1', '3', '10', '', '2018-12-16 10:42:28', '2018-12-16 10:42:28', 'be50e868ce4841ebb63bb1694b2413ef', 'be50e868ce4841ebb63bb1694b2413ef'), ('68', '表组字典视图权限', 'gen:sysTableDict:view', '66', '10,66', '1', '3', '20', '', '2018-12-16 10:45:36', '2018-12-16 10:45:36', 'be50e868ce4841ebb63bb1694b2413ef', 'be50e868ce4841ebb63bb1694b2413ef'), ('69', '树组字典权限', 'gen:sysTreeDict:base', '10', '10', '1', '2', '50', '', '2018-12-28 20:34:39', '2018-12-28 20:34:39', 'be50e868ce4841ebb63bb1694b2413ef', 'be50e868ce4841ebb63bb1694b2413ef'), ('70', '树组字典视图权限', 'gen:sysTreeDict:view', '69', '10,69', '1', '3', '10', '', '2018-12-28 20:36:06', '2019-01-18 14:09:15', 'be50e868ce4841ebb63bb1694b2413ef', 'be50e868ce4841ebb63bb1694b2413ef'), ('71', '树组字典编辑权限', 'gen:sysTreeDict:edit', '69', '10,69', '1', '3', '20', '', '2018-12-28 20:36:40', '2019-01-18 14:09:31', 'be50e868ce4841ebb63bb1694b2413ef', 'be50e868ce4841ebb63bb1694b2413ef'), ('72', '功能扩展权限', 'extend:base', '', '', '1', '1', '70', '', '2019-01-03 20:45:01', '2019-01-03 20:45:01', 'be50e868ce4841ebb63bb1694b2413ef', 'be50e868ce4841ebb63bb1694b2413ef'), ('73', '虚表权限', 'extend:sysVirtualTable:base', '72', '72', '1', '2', '10', '', '2019-01-03 20:45:48', '2019-01-03 20:45:48', 'be50e868ce4841ebb63bb1694b2413ef', 'be50e868ce4841ebb63bb1694b2413ef'), ('74', '虚表视图权限', 'extend:sysVirtualTable:view', '73', '72,73', '1', '3', '10', '', '2019-01-03 20:46:34', '2019-01-03 20:46:34', 'be50e868ce4841ebb63bb1694b2413ef', 'be50e868ce4841ebb63bb1694b2413ef'), ('75', '虚表编辑权限', 'extend:sysVirtualTable:edit', '73', '72,73', '1', '3', '20', '', '2019-01-03 20:47:01', '2019-01-03 20:47:01', 'be50e868ce4841ebb63bb1694b2413ef', 'be50e868ce4841ebb63bb1694b2413ef'), ('76', 'OSGI插件权限', 'extend:sysOsgiPluginAll:base', '72', '72', '1', '2', '20', '', '2019-01-09 16:16:11', '2019-01-09 16:24:27', 'be50e868ce4841ebb63bb1694b2413ef', 'be50e868ce4841ebb63bb1694b2413ef'), ('77', '全量插件视图权限', 'extend:sysOsgiPluginAll:view', '76', '72,76', '1', '3', '10', '', '2019-01-09 16:16:41', '2019-01-09 16:24:53', 'be50e868ce4841ebb63bb1694b2413ef', 'be50e868ce4841ebb63bb1694b2413ef'), ('78', '全量插件编辑权限', 'extend:sysOsgiPluginAll:edit', '76', '72,76', '1', '3', '20', '', '2019-01-09 16:17:43', '2019-01-09 16:25:06', 'be50e868ce4841ebb63bb1694b2413ef', 'be50e868ce4841ebb63bb1694b2413ef'), ('79', '插件管理权限', 'extend:sysOsgiPlugin:base', '72', '72', '1', '2', '80', '', '2019-01-10 16:24:20', '2019-01-10 16:24:20', 'be50e868ce4841ebb63bb1694b2413ef', 'be50e868ce4841ebb63bb1694b2413ef'), ('80', '插件管理视图权限', 'extend:sysOsgiPlugin:view', '79', '72,79', '1', '3', '10', '', '2019-01-10 16:25:07', '2019-01-10 16:25:07', 'be50e868ce4841ebb63bb1694b2413ef', 'be50e868ce4841ebb63bb1694b2413ef'), ('81', '插件管理编辑权限', 'extend:sysOsgiPlugin:edit', '79', '72,79', '1', '3', '20', '', '2019-01-10 16:26:32', '2019-01-10 16:26:32', 'be50e868ce4841ebb63bb1694b2413ef', 'be50e868ce4841ebb63bb1694b2413ef'), ('82', '指标监控', 'operation:actuator:view', '20', '20', '1', '2', '40', '', '2019-03-09 09:14:23', '2019-03-09 09:14:38', 'be50e868ce4841ebb63bb1694b2413ef', 'be50e868ce4841ebb63bb1694b2413ef'), ('83', '全量模版权限', 'template:genTemplateAll:base', '26', '26', '1', '2', '50', '', '2019-04-21 16:06:04', '2019-04-21 16:06:04', 'be50e868ce4841ebb63bb1694b2413ef', 'be50e868ce4841ebb63bb1694b2413ef'), ('84', '全量模版视图权限', 'template:genTemplateAll:view', '83', '26,83', '1', '3', '10', '', '2019-04-21 16:06:49', '2019-04-21 16:06:49', 'be50e868ce4841ebb63bb1694b2413ef', 'be50e868ce4841ebb63bb1694b2413ef'), ('85', '全量模版编辑权限', 'template:genTemplateAll:edit', '83', '26,83', '1', '3', '20', '', '2019-04-21 16:07:23', '2019-04-21 16:07:23', 'be50e868ce4841ebb63bb1694b2413ef', 'be50e868ce4841ebb63bb1694b2413ef');
COMMIT;

-- ----------------------------
--  Table structure for `sys_role`
-- ----------------------------
DROP TABLE IF EXISTS `sys_role`;
CREATE TABLE `sys_role` (
  `id` int(11) NOT NULL AUTO_INCREMENT COMMENT '主键',
  `name` varchar(20) NOT NULL DEFAULT '' COMMENT '中文名',
  `enname` varchar(20) NOT NULL DEFAULT '' COMMENT '英文名',
  `remark` varchar(255) NOT NULL DEFAULT '' COMMENT '备注',
  `create_date` datetime NOT NULL DEFAULT CURRENT_TIMESTAMP COMMENT '创建时间',
  `update_date` datetime NOT NULL DEFAULT CURRENT_TIMESTAMP COMMENT '更新时间',
  `create_by` varchar(64) NOT NULL DEFAULT '' COMMENT '创建人',
  `update_by` varchar(64) NOT NULL DEFAULT '' COMMENT '更新人',
  PRIMARY KEY (`id`),
  UNIQUE KEY `idx_enname` (`enname`) USING BTREE,
  KEY `idx_name` (`name`) USING BTREE,
  KEY `idx_update_date` (`update_date`) USING BTREE
) ENGINE=InnoDB AUTO_INCREMENT=6 DEFAULT CHARSET=utf8 COMMENT='系统角色表';

-- ----------------------------
--  Records of `sys_role`
-- ----------------------------
BEGIN;
INSERT INTO `sys_role` VALUES ('4', '管理员', 'admin', 'admin', '2018-07-27 22:07:59', '2019-03-09 12:44:59', 'be50e868ce4841ebb63bb1694b2413ef', 'be50e868ce4841ebb63bb1694b2413ef'), ('5', '客户', 'guest', 'guest', '2018-11-01 16:24:41', '2019-01-18 14:06:34', 'be50e868ce4841ebb63bb1694b2413ef', 'be50e868ce4841ebb63bb1694b2413ef');
COMMIT;

-- ----------------------------
--  Table structure for `sys_role_power`
-- ----------------------------
DROP TABLE IF EXISTS `sys_role_power`;
CREATE TABLE `sys_role_power` (
  `id` int(11) NOT NULL AUTO_INCREMENT COMMENT '主键',
  `role_id` int(11) NOT NULL DEFAULT '0' COMMENT '关联角色',
  `power_id` int(11) NOT NULL DEFAULT '0' COMMENT '关联权限',
  `remark` varchar(255) NOT NULL DEFAULT '' COMMENT '备注',
  `create_date` timestamp NOT NULL DEFAULT CURRENT_TIMESTAMP COMMENT '创建时间',
  `update_date` timestamp NOT NULL DEFAULT CURRENT_TIMESTAMP COMMENT '更新时间',
  `create_by` varchar(64) NOT NULL DEFAULT '' COMMENT '创建人',
  `update_by` varchar(64) NOT NULL DEFAULT '' COMMENT '更新人',
  PRIMARY KEY (`id`),
  UNIQUE KEY `idx_role_power` (`role_id`,`power_id`) USING BTREE,
  KEY `idx_role_id` (`role_id`) USING BTREE,
  KEY `idx_power_id` (`power_id`) USING BTREE,
  KEY `idx_update_date` (`update_date`) USING BTREE
) ENGINE=InnoDB AUTO_INCREMENT=4173 DEFAULT CHARSET=utf8 ROW_FORMAT=DYNAMIC COMMENT='角色权限关联信息';

-- ----------------------------
--  Records of `sys_role_power`
-- ----------------------------
BEGIN;
INSERT INTO `sys_role_power` VALUES ('513', '5', '70', '', '2019-01-18 14:06:34', '2019-01-18 14:06:34', 'be50e868ce4841ebb63bb1694b2413ef', 'be50e868ce4841ebb63bb1694b2413ef'), ('514', '5', '80', '', '2019-01-18 14:06:34', '2019-01-18 14:06:34', 'be50e868ce4841ebb63bb1694b2413ef', 'be50e868ce4841ebb63bb1694b2413ef'), ('515', '5', '79', '', '2019-01-18 14:06:34', '2019-01-18 14:06:34', 'be50e868ce4841ebb63bb1694b2413ef', 'be50e868ce4841ebb63bb1694b2413ef'), ('516', '5', '77', '', '2019-01-18 14:06:34', '2019-01-18 14:06:34', 'be50e868ce4841ebb63bb1694b2413ef', 'be50e868ce4841ebb63bb1694b2413ef'), ('517', '5', '76', '', '2019-01-18 14:06:34', '2019-01-18 14:06:34', 'be50e868ce4841ebb63bb1694b2413ef', 'be50e868ce4841ebb63bb1694b2413ef'), ('518', '5', '74', '', '2019-01-18 14:06:34', '2019-01-18 14:06:34', 'be50e868ce4841ebb63bb1694b2413ef', 'be50e868ce4841ebb63bb1694b2413ef'), ('519', '5', '73', '', '2019-01-18 14:06:34', '2019-01-18 14:06:34', 'be50e868ce4841ebb63bb1694b2413ef', 'be50e868ce4841ebb63bb1694b2413ef'), ('520', '5', '72', '', '2019-01-18 14:06:34', '2019-01-18 14:06:34', 'be50e868ce4841ebb63bb1694b2413ef', 'be50e868ce4841ebb63bb1694b2413ef'), ('521', '5', '69', '', '2019-01-18 14:06:34', '2019-01-18 14:06:34', 'be50e868ce4841ebb63bb1694b2413ef', 'be50e868ce4841ebb63bb1694b2413ef'), ('522', '5', '32', '', '2019-01-18 14:06:34', '2019-01-18 14:06:34', 'be50e868ce4841ebb63bb1694b2413ef', 'be50e868ce4841ebb63bb1694b2413ef'), ('523', '5', '31', '', '2019-01-18 14:06:34', '2019-01-18 14:06:34', 'be50e868ce4841ebb63bb1694b2413ef', 'be50e868ce4841ebb63bb1694b2413ef'), ('524', '5', '68', '', '2019-01-18 14:06:34', '2019-01-18 14:06:34', 'be50e868ce4841ebb63bb1694b2413ef', 'be50e868ce4841ebb63bb1694b2413ef'), ('525', '5', '66', '', '2019-01-18 14:06:34', '2019-01-18 14:06:34', 'be50e868ce4841ebb63bb1694b2413ef', 'be50e868ce4841ebb63bb1694b2413ef'), ('526', '5', '64', '', '2019-01-18 14:06:34', '2019-01-18 14:06:34', 'be50e868ce4841ebb63bb1694b2413ef', 'be50e868ce4841ebb63bb1694b2413ef'), ('527', '5', '63', '', '2019-01-18 14:06:34', '2019-01-18 14:06:34', 'be50e868ce4841ebb63bb1694b2413ef', 'be50e868ce4841ebb63bb1694b2413ef'), ('528', '5', '62', '', '2019-01-18 14:06:34', '2019-01-18 14:06:34', 'be50e868ce4841ebb63bb1694b2413ef', 'be50e868ce4841ebb63bb1694b2413ef'), ('529', '5', '55', '', '2019-01-18 14:06:34', '2019-01-18 14:06:34', 'be50e868ce4841ebb63bb1694b2413ef', 'be50e868ce4841ebb63bb1694b2413ef'), ('530', '5', '57', '', '2019-01-18 14:06:34', '2019-01-18 14:06:34', 'be50e868ce4841ebb63bb1694b2413ef', 'be50e868ce4841ebb63bb1694b2413ef'), ('531', '5', '20', '', '2019-01-18 14:06:34', '2019-01-18 14:06:34', 'be50e868ce4841ebb63bb1694b2413ef', 'be50e868ce4841ebb63bb1694b2413ef'), ('532', '5', '30', '', '2019-01-18 14:06:34', '2019-01-18 14:06:34', 'be50e868ce4841ebb63bb1694b2413ef', 'be50e868ce4841ebb63bb1694b2413ef'), ('533', '5', '29', '', '2019-01-18 14:06:34', '2019-01-18 14:06:34', 'be50e868ce4841ebb63bb1694b2413ef', 'be50e868ce4841ebb63bb1694b2413ef'), ('534', '5', '11', '', '2019-01-18 14:06:34', '2019-01-18 14:06:34', 'be50e868ce4841ebb63bb1694b2413ef', 'be50e868ce4841ebb63bb1694b2413ef'), ('535', '5', '26', '', '2019-01-18 14:06:34', '2019-01-18 14:06:34', 'be50e868ce4841ebb63bb1694b2413ef', 'be50e868ce4841ebb63bb1694b2413ef'), ('536', '5', '17', '', '2019-01-18 14:06:34', '2019-01-18 14:06:34', 'be50e868ce4841ebb63bb1694b2413ef', 'be50e868ce4841ebb63bb1694b2413ef'), ('537', '5', '10', '', '2019-01-18 14:06:34', '2019-01-18 14:06:34', 'be50e868ce4841ebb63bb1694b2413ef', 'be50e868ce4841ebb63bb1694b2413ef'), ('538', '5', '24', '', '2019-01-18 14:06:34', '2019-01-18 14:06:34', 'be50e868ce4841ebb63bb1694b2413ef', 'be50e868ce4841ebb63bb1694b2413ef'), ('539', '5', '25', '', '2019-01-18 14:06:34', '2019-01-18 14:06:34', 'be50e868ce4841ebb63bb1694b2413ef', 'be50e868ce4841ebb63bb1694b2413ef'), ('540', '5', '14', '', '2019-01-18 14:06:34', '2019-01-18 14:06:34', 'be50e868ce4841ebb63bb1694b2413ef', 'be50e868ce4841ebb63bb1694b2413ef'), ('541', '5', '54', '', '2019-01-18 14:06:34', '2019-01-18 14:06:34', 'be50e868ce4841ebb63bb1694b2413ef', 'be50e868ce4841ebb63bb1694b2413ef'), ('542', '5', '51', '', '2019-01-18 14:06:34', '2019-01-18 14:06:34', 'be50e868ce4841ebb63bb1694b2413ef', 'be50e868ce4841ebb63bb1694b2413ef'), ('543', '5', '49', '', '2019-01-18 14:06:34', '2019-01-18 14:06:34', 'be50e868ce4841ebb63bb1694b2413ef', 'be50e868ce4841ebb63bb1694b2413ef'), ('544', '5', '47', '', '2019-01-18 14:06:34', '2019-01-18 14:06:34', 'be50e868ce4841ebb63bb1694b2413ef', 'be50e868ce4841ebb63bb1694b2413ef'), ('545', '5', '39', '', '2019-01-18 14:06:34', '2019-01-18 14:06:34', 'be50e868ce4841ebb63bb1694b2413ef', 'be50e868ce4841ebb63bb1694b2413ef'), ('546', '5', '36', '', '2019-01-18 14:06:34', '2019-01-18 14:06:34', 'be50e868ce4841ebb63bb1694b2413ef', 'be50e868ce4841ebb63bb1694b2413ef'), ('547', '5', '33', '', '2019-01-18 14:06:34', '2019-01-18 14:06:34', 'be50e868ce4841ebb63bb1694b2413ef', 'be50e868ce4841ebb63bb1694b2413ef'), ('4105', '4', '72', '', '2019-04-21 16:09:19', '2019-04-21 16:09:19', 'be50e868ce4841ebb63bb1694b2413ef', 'be50e868ce4841ebb63bb1694b2413ef'), ('4106', '4', '79', '', '2019-04-21 16:09:19', '2019-04-21 16:09:19', 'be50e868ce4841ebb63bb1694b2413ef', 'be50e868ce4841ebb63bb1694b2413ef'), ('4107', '4', '81', '', '2019-04-21 16:09:19', '2019-04-21 16:09:19', 'be50e868ce4841ebb63bb1694b2413ef', 'be50e868ce4841ebb63bb1694b2413ef'), ('4108', '4', '80', '', '2019-04-21 16:09:19', '2019-04-21 16:09:19', 'be50e868ce4841ebb63bb1694b2413ef', 'be50e868ce4841ebb63bb1694b2413ef'), ('4109', '4', '76', '', '2019-04-21 16:09:19', '2019-04-21 16:09:19', 'be50e868ce4841ebb63bb1694b2413ef', 'be50e868ce4841ebb63bb1694b2413ef'), ('4110', '4', '78', '', '2019-04-21 16:09:19', '2019-04-21 16:09:19', 'be50e868ce4841ebb63bb1694b2413ef', 'be50e868ce4841ebb63bb1694b2413ef'), ('4111', '4', '77', '', '2019-04-21 16:09:19', '2019-04-21 16:09:19', 'be50e868ce4841ebb63bb1694b2413ef', 'be50e868ce4841ebb63bb1694b2413ef'), ('4112', '4', '73', '', '2019-04-21 16:09:19', '2019-04-21 16:09:19', 'be50e868ce4841ebb63bb1694b2413ef', 'be50e868ce4841ebb63bb1694b2413ef'), ('4113', '4', '75', '', '2019-04-21 16:09:19', '2019-04-21 16:09:19', 'be50e868ce4841ebb63bb1694b2413ef', 'be50e868ce4841ebb63bb1694b2413ef'), ('4114', '4', '74', '', '2019-04-21 16:09:19', '2019-04-21 16:09:19', 'be50e868ce4841ebb63bb1694b2413ef', 'be50e868ce4841ebb63bb1694b2413ef'), ('4115', '4', '31', '', '2019-04-21 16:09:19', '2019-04-21 16:09:19', 'be50e868ce4841ebb63bb1694b2413ef', 'be50e868ce4841ebb63bb1694b2413ef'), ('4116', '4', '32', '', '2019-04-21 16:09:19', '2019-04-21 16:09:19', 'be50e868ce4841ebb63bb1694b2413ef', 'be50e868ce4841ebb63bb1694b2413ef'), ('4117', '4', '20', '', '2019-04-21 16:09:19', '2019-04-21 16:09:19', 'be50e868ce4841ebb63bb1694b2413ef', 'be50e868ce4841ebb63bb1694b2413ef'), ('4118', '4', '82', '', '2019-04-21 16:09:19', '2019-04-21 16:09:19', 'be50e868ce4841ebb63bb1694b2413ef', 'be50e868ce4841ebb63bb1694b2413ef'), ('4119', '4', '57', '', '2019-04-21 16:09:19', '2019-04-21 16:09:19', 'be50e868ce4841ebb63bb1694b2413ef', 'be50e868ce4841ebb63bb1694b2413ef'), ('4120', '4', '22', '', '2019-04-21 16:09:19', '2019-04-21 16:09:19', 'be50e868ce4841ebb63bb1694b2413ef', 'be50e868ce4841ebb63bb1694b2413ef'), ('4121', '4', '21', '', '2019-04-21 16:09:19', '2019-04-21 16:09:19', 'be50e868ce4841ebb63bb1694b2413ef', 'be50e868ce4841ebb63bb1694b2413ef'), ('4122', '4', '26', '', '2019-04-21 16:09:19', '2019-04-21 16:09:19', 'be50e868ce4841ebb63bb1694b2413ef', 'be50e868ce4841ebb63bb1694b2413ef'), ('4123', '4', '83', '', '2019-04-21 16:09:19', '2019-04-21 16:09:19', 'be50e868ce4841ebb63bb1694b2413ef', 'be50e868ce4841ebb63bb1694b2413ef'), ('4124', '4', '85', '', '2019-04-21 16:09:19', '2019-04-21 16:09:19', 'be50e868ce4841ebb63bb1694b2413ef', 'be50e868ce4841ebb63bb1694b2413ef'), ('4125', '4', '84', '', '2019-04-21 16:09:19', '2019-04-21 16:09:19', 'be50e868ce4841ebb63bb1694b2413ef', 'be50e868ce4841ebb63bb1694b2413ef'), ('4126', '4', '30', '', '2019-04-21 16:09:19', '2019-04-21 16:09:19', 'be50e868ce4841ebb63bb1694b2413ef', 'be50e868ce4841ebb63bb1694b2413ef'), ('4127', '4', '52', '', '2019-04-21 16:09:19', '2019-04-21 16:09:19', 'be50e868ce4841ebb63bb1694b2413ef', 'be50e868ce4841ebb63bb1694b2413ef'), ('4128', '4', '51', '', '2019-04-21 16:09:19', '2019-04-21 16:09:19', 'be50e868ce4841ebb63bb1694b2413ef', 'be50e868ce4841ebb63bb1694b2413ef'), ('4129', '4', '29', '', '2019-04-21 16:09:19', '2019-04-21 16:09:19', 'be50e868ce4841ebb63bb1694b2413ef', 'be50e868ce4841ebb63bb1694b2413ef'), ('4130', '4', '50', '', '2019-04-21 16:09:19', '2019-04-21 16:09:19', 'be50e868ce4841ebb63bb1694b2413ef', 'be50e868ce4841ebb63bb1694b2413ef'), ('4131', '4', '49', '', '2019-04-21 16:09:19', '2019-04-21 16:09:19', 'be50e868ce4841ebb63bb1694b2413ef', 'be50e868ce4841ebb63bb1694b2413ef'), ('4132', '4', '11', '', '2019-04-21 16:09:19', '2019-04-21 16:09:19', 'be50e868ce4841ebb63bb1694b2413ef', 'be50e868ce4841ebb63bb1694b2413ef'), ('4133', '4', '48', '', '2019-04-21 16:09:19', '2019-04-21 16:09:19', 'be50e868ce4841ebb63bb1694b2413ef', 'be50e868ce4841ebb63bb1694b2413ef'), ('4134', '4', '47', '', '2019-04-21 16:09:19', '2019-04-21 16:09:19', 'be50e868ce4841ebb63bb1694b2413ef', 'be50e868ce4841ebb63bb1694b2413ef'), ('4135', '4', '10', '', '2019-04-21 16:09:19', '2019-04-21 16:09:19', 'be50e868ce4841ebb63bb1694b2413ef', 'be50e868ce4841ebb63bb1694b2413ef'), ('4136', '4', '69', '', '2019-04-21 16:09:19', '2019-04-21 16:09:19', 'be50e868ce4841ebb63bb1694b2413ef', 'be50e868ce4841ebb63bb1694b2413ef'), ('4137', '4', '71', '', '2019-04-21 16:09:19', '2019-04-21 16:09:19', 'be50e868ce4841ebb63bb1694b2413ef', 'be50e868ce4841ebb63bb1694b2413ef'), ('4138', '4', '70', '', '2019-04-21 16:09:19', '2019-04-21 16:09:19', 'be50e868ce4841ebb63bb1694b2413ef', 'be50e868ce4841ebb63bb1694b2413ef'), ('4139', '4', '66', '', '2019-04-21 16:09:19', '2019-04-21 16:09:19', 'be50e868ce4841ebb63bb1694b2413ef', 'be50e868ce4841ebb63bb1694b2413ef'), ('4140', '4', '68', '', '2019-04-21 16:09:19', '2019-04-21 16:09:19', 'be50e868ce4841ebb63bb1694b2413ef', 'be50e868ce4841ebb63bb1694b2413ef'), ('4141', '4', '67', '', '2019-04-21 16:09:19', '2019-04-21 16:09:19', 'be50e868ce4841ebb63bb1694b2413ef', 'be50e868ce4841ebb63bb1694b2413ef'), ('4142', '4', '17', '', '2019-04-21 16:09:19', '2019-04-21 16:09:19', 'be50e868ce4841ebb63bb1694b2413ef', 'be50e868ce4841ebb63bb1694b2413ef'), ('4143', '4', '40', '', '2019-04-21 16:09:19', '2019-04-21 16:09:19', 'be50e868ce4841ebb63bb1694b2413ef', 'be50e868ce4841ebb63bb1694b2413ef'), ('4144', '4', '39', '', '2019-04-21 16:09:19', '2019-04-21 16:09:19', 'be50e868ce4841ebb63bb1694b2413ef', 'be50e868ce4841ebb63bb1694b2413ef'), ('4145', '4', '15', '', '2019-04-21 16:09:19', '2019-04-21 16:09:19', 'be50e868ce4841ebb63bb1694b2413ef', 'be50e868ce4841ebb63bb1694b2413ef'), ('4146', '4', '19', '', '2019-04-21 16:09:19', '2019-04-21 16:09:19', 'be50e868ce4841ebb63bb1694b2413ef', 'be50e868ce4841ebb63bb1694b2413ef'), ('4147', '4', '46', '', '2019-04-21 16:09:19', '2019-04-21 16:09:19', 'be50e868ce4841ebb63bb1694b2413ef', 'be50e868ce4841ebb63bb1694b2413ef'), ('4148', '4', '45', '', '2019-04-21 16:09:19', '2019-04-21 16:09:19', 'be50e868ce4841ebb63bb1694b2413ef', 'be50e868ce4841ebb63bb1694b2413ef'), ('4149', '4', '18', '', '2019-04-21 16:09:19', '2019-04-21 16:09:19', 'be50e868ce4841ebb63bb1694b2413ef', 'be50e868ce4841ebb63bb1694b2413ef'), ('4150', '4', '44', '', '2019-04-21 16:09:19', '2019-04-21 16:09:19', 'be50e868ce4841ebb63bb1694b2413ef', 'be50e868ce4841ebb63bb1694b2413ef'), ('4151', '4', '43', '', '2019-04-21 16:09:19', '2019-04-21 16:09:19', 'be50e868ce4841ebb63bb1694b2413ef', 'be50e868ce4841ebb63bb1694b2413ef'), ('4152', '4', '23', '', '2019-04-21 16:09:19', '2019-04-21 16:09:19', 'be50e868ce4841ebb63bb1694b2413ef', 'be50e868ce4841ebb63bb1694b2413ef'), ('4153', '4', '13', '', '2019-04-21 16:09:19', '2019-04-21 16:09:19', 'be50e868ce4841ebb63bb1694b2413ef', 'be50e868ce4841ebb63bb1694b2413ef'), ('4154', '4', '42', '', '2019-04-21 16:09:19', '2019-04-21 16:09:19', 'be50e868ce4841ebb63bb1694b2413ef', 'be50e868ce4841ebb63bb1694b2413ef'), ('4155', '4', '41', '', '2019-04-21 16:09:19', '2019-04-21 16:09:19', 'be50e868ce4841ebb63bb1694b2413ef', 'be50e868ce4841ebb63bb1694b2413ef'), ('4156', '4', '14', '', '2019-04-21 16:09:19', '2019-04-21 16:09:19', 'be50e868ce4841ebb63bb1694b2413ef', 'be50e868ce4841ebb63bb1694b2413ef'), ('4157', '4', '63', '', '2019-04-21 16:09:19', '2019-04-21 16:09:19', 'be50e868ce4841ebb63bb1694b2413ef', 'be50e868ce4841ebb63bb1694b2413ef'), ('4158', '4', '65', '', '2019-04-21 16:09:19', '2019-04-21 16:09:19', 'be50e868ce4841ebb63bb1694b2413ef', 'be50e868ce4841ebb63bb1694b2413ef'), ('4159', '4', '64', '', '2019-04-21 16:09:19', '2019-04-21 16:09:19', 'be50e868ce4841ebb63bb1694b2413ef', 'be50e868ce4841ebb63bb1694b2413ef'), ('4160', '4', '62', '', '2019-04-21 16:09:19', '2019-04-21 16:09:19', 'be50e868ce4841ebb63bb1694b2413ef', 'be50e868ce4841ebb63bb1694b2413ef'), ('4161', '4', '55', '', '2019-04-21 16:09:19', '2019-04-21 16:09:19', 'be50e868ce4841ebb63bb1694b2413ef', 'be50e868ce4841ebb63bb1694b2413ef'), ('4162', '4', '58', '', '2019-04-21 16:09:19', '2019-04-21 16:09:19', 'be50e868ce4841ebb63bb1694b2413ef', 'be50e868ce4841ebb63bb1694b2413ef'), ('4163', '4', '16', '', '2019-04-21 16:09:19', '2019-04-21 16:09:19', 'be50e868ce4841ebb63bb1694b2413ef', 'be50e868ce4841ebb63bb1694b2413ef'), ('4164', '4', '35', '', '2019-04-21 16:09:19', '2019-04-21 16:09:19', 'be50e868ce4841ebb63bb1694b2413ef', 'be50e868ce4841ebb63bb1694b2413ef'), ('4165', '4', '34', '', '2019-04-21 16:09:19', '2019-04-21 16:09:19', 'be50e868ce4841ebb63bb1694b2413ef', 'be50e868ce4841ebb63bb1694b2413ef'), ('4166', '4', '24', '', '2019-04-21 16:09:19', '2019-04-21 16:09:19', 'be50e868ce4841ebb63bb1694b2413ef', 'be50e868ce4841ebb63bb1694b2413ef'), ('4167', '4', '38', '', '2019-04-21 16:09:19', '2019-04-21 16:09:19', 'be50e868ce4841ebb63bb1694b2413ef', 'be50e868ce4841ebb63bb1694b2413ef'), ('4168', '4', '33', '', '2019-04-21 16:09:19', '2019-04-21 16:09:19', 'be50e868ce4841ebb63bb1694b2413ef', 'be50e868ce4841ebb63bb1694b2413ef'), ('4169', '4', '25', '', '2019-04-21 16:09:19', '2019-04-21 16:09:19', 'be50e868ce4841ebb63bb1694b2413ef', 'be50e868ce4841ebb63bb1694b2413ef'), ('4170', '4', '37', '', '2019-04-21 16:09:19', '2019-04-21 16:09:19', 'be50e868ce4841ebb63bb1694b2413ef', 'be50e868ce4841ebb63bb1694b2413ef'), ('4171', '4', '36', '', '2019-04-21 16:09:19', '2019-04-21 16:09:19', 'be50e868ce4841ebb63bb1694b2413ef', 'be50e868ce4841ebb63bb1694b2413ef'), ('4172', '4', '54', '', '2019-04-21 16:09:19', '2019-04-21 16:09:19', 'be50e868ce4841ebb63bb1694b2413ef', 'be50e868ce4841ebb63bb1694b2413ef');
COMMIT;

-- ----------------------------
--  Table structure for `sys_table_dict`
-- ----------------------------
DROP TABLE IF EXISTS `sys_table_dict`;
CREATE TABLE `sys_table_dict` (
  `id` int(11) NOT NULL AUTO_INCREMENT COMMENT '主键',
  `name` varchar(20) NOT NULL DEFAULT '' COMMENT '组名',
  `table_name` varchar(30) NOT NULL DEFAULT '' COMMENT '表名',
  `field` varchar(30) NOT NULL DEFAULT '' COMMENT '属性',
  `comment` varchar(50) NOT NULL DEFAULT '' COMMENT '注释',
  `description` varchar(50) NOT NULL DEFAULT '' COMMENT '描述',
  `sys_dbsource_id` int(11) NOT NULL DEFAULT '0' COMMENT '关联数据源',
  `sys_namespace_id` int(11) NOT NULL DEFAULT '0' COMMENT '命名空间',
  `remark` varchar(255) NOT NULL DEFAULT '' COMMENT '备注',
  `create_date` timestamp NOT NULL DEFAULT CURRENT_TIMESTAMP COMMENT '创建时间',
  `update_date` timestamp NOT NULL DEFAULT CURRENT_TIMESTAMP COMMENT '更新世界',
  `create_by` varchar(64) NOT NULL DEFAULT '' COMMENT '创建人',
  `update_by` varchar(64) NOT NULL DEFAULT '' COMMENT '更新时间',
  PRIMARY KEY (`id`),
  UNIQUE KEY `idx_unique` (`name`,`table_name`,`sys_dbsource_id`,`sys_namespace_id`) USING BTREE COMMENT '唯一索引'
) ENGINE=InnoDB AUTO_INCREMENT=5 DEFAULT CHARSET=utf8mb4 COMMENT='系统表组字典';

-- ----------------------------
--  Records of `sys_table_dict`
-- ----------------------------
BEGIN;
INSERT INTO `sys_table_dict` VALUES ('1', 'test', 'sys_dict', 'sysDict', '系统字典', 'test', '2', '1', '', '2018-12-16 11:49:57', '2018-12-16 13:26:09', 'be50e868ce4841ebb63bb1694b2413ef', 'be50e868ce4841ebb63bb1694b2413ef'), ('2', 'test', 'sys_dict', 'sysDict', '数据字典', 'test', '2', '5', '', '2018-12-21 13:19:21', '2018-12-21 13:19:21', 'be50e868ce4841ebb63bb1694b2413ef', 'be50e868ce4841ebb63bb1694b2413ef'), ('3', 'test', 'gen_field', 'genField', '生成参数', 'test', '2', '5', '', '2018-12-21 13:24:58', '2018-12-21 13:24:58', 'be50e868ce4841ebb63bb1694b2413ef', 'be50e868ce4841ebb63bb1694b2413ef'), ('4', 'test1', 'gen_field', 'genField', '生成参数', '生成参数', '2', '1', '', '2019-03-07 15:00:32', '2019-03-07 15:00:32', 'be50e868ce4841ebb63bb1694b2413ef', 'be50e868ce4841ebb63bb1694b2413ef');
COMMIT;

-- ----------------------------
--  Table structure for `sys_tree_dict`
-- ----------------------------
DROP TABLE IF EXISTS `sys_tree_dict`;
CREATE TABLE `sys_tree_dict` (
  `id` int(11) NOT NULL AUTO_INCREMENT COMMENT '主键',
  `name` varchar(20) NOT NULL DEFAULT '' COMMENT '名称',
  `parent_id` varchar(11) NOT NULL DEFAULT '' COMMENT '父节点',
  `parent_ids` varchar(255) NOT NULL DEFAULT '' COMMENT '所有父节点',
  `sys_namespace_id` int(11) NOT NULL DEFAULT '0' COMMENT '命名空间',
  `left_equal` varchar(20) NOT NULL DEFAULT '' COMMENT '左等式',
  `event` int(3) NOT NULL DEFAULT '0' COMMENT '事件',
  `right_equal` varchar(20) NOT NULL DEFAULT '' COMMENT '右等式',
  `result` varchar(50) NOT NULL DEFAULT '' COMMENT '结果',
  `level` int(5) NOT NULL DEFAULT '0' COMMENT '等级',
  `group_name` varchar(20) NOT NULL DEFAULT '' COMMENT '组别',
  `sort` int(8) NOT NULL DEFAULT '0' COMMENT '排序',
  `description` varchar(50) NOT NULL DEFAULT '' COMMENT '描述',
  `remark` varchar(255) NOT NULL DEFAULT '' COMMENT '备注',
  `create_date` timestamp NOT NULL DEFAULT CURRENT_TIMESTAMP COMMENT '创建时间',
  `create_by` varchar(255) NOT NULL DEFAULT '' COMMENT '创建人',
  `update_date` timestamp NOT NULL DEFAULT CURRENT_TIMESTAMP COMMENT '更新时间',
  `update_by` varchar(255) NOT NULL DEFAULT '' COMMENT '更新人',
  PRIMARY KEY (`id`),
  UNIQUE KEY `idx_unique` (`name`,`sys_namespace_id`) USING BTREE COMMENT '唯一约束'
) ENGINE=InnoDB AUTO_INCREMENT=5 DEFAULT CHARSET=utf8mb4 COMMENT='树组字典';

-- ----------------------------
--  Records of `sys_tree_dict`
-- ----------------------------
BEGIN;
INSERT INTO `sys_tree_dict` VALUES ('1', 'test', '', '', '5', 'num', '1', '1', '1', '1', 'test', '10', '测试', '', '2019-01-16 14:12:54', 'be50e868ce4841ebb63bb1694b2413ef', '2019-01-18 14:10:55', 'be50e868ce4841ebb63bb1694b2413ef'), ('4', 'test1', '', '', '1', '12', '1', '12', '11', '1', '11', '1', '1', '', '2019-01-18 11:25:21', 'be50e868ce4841ebb63bb1694b2413ef', '2019-01-18 11:25:21', 'be50e868ce4841ebb63bb1694b2413ef');
COMMIT;

-- ----------------------------
--  Table structure for `sys_user`
-- ----------------------------
DROP TABLE IF EXISTS `sys_user`;
CREATE TABLE `sys_user` (
  `id` varchar(64) NOT NULL DEFAULT '' COMMENT '主键',
  `username` varchar(20) NOT NULL DEFAULT '' COMMENT '账户',
  `password` varchar(64) NOT NULL DEFAULT '' COMMENT '密码',
  `name` varchar(20) NOT NULL DEFAULT '' COMMENT '用户名',
  `sys_office_id` int(11) NOT NULL DEFAULT '0' COMMENT '关联组织结构',
  `remark` varchar(255) NOT NULL DEFAULT '' COMMENT '备注',
  `del_flag` int(1) NOT NULL DEFAULT '0' COMMENT '逻辑删除',
  `create_date` datetime NOT NULL DEFAULT CURRENT_TIMESTAMP COMMENT '创建时间',
  `create_by` varchar(64) NOT NULL DEFAULT '' COMMENT '创建人',
  `update_date` datetime NOT NULL DEFAULT CURRENT_TIMESTAMP COMMENT '更新时间',
  `update_by` varchar(64) NOT NULL DEFAULT '' COMMENT '更新人',
  PRIMARY KEY (`id`),
  UNIQUE KEY `idx_username` (`username`) USING BTREE,
  KEY `idx_update_date` (`update_date`) USING BTREE
) ENGINE=InnoDB DEFAULT CHARSET=utf8 COMMENT='系统用户表';

-- ----------------------------
--  Records of `sys_user`
-- ----------------------------
BEGIN;
INSERT INTO `sys_user` VALUES ('231e7179e1494c25acc6396576096512', 'guest', 'bff7fe14d15571cbe9d02f91083613261777c3b5cec326846469ac35', 'guest', '1', '', '0', '2018-11-01 16:24:57', 'be50e868ce4841ebb63bb1694b2413ef', '2018-12-07 12:07:13', 'be50e868ce4841ebb63bb1694b2413ef'), ('be50e868ce4841ebb63bb1694b2413ef', 'admin', '86f1d53760ebe5cd32203a54927b11acfcc4d4df6c94bf62ec45ecb0', 'admin', '1', '', '0', '2018-08-09 23:42:07', '1b6a9a1d8b2b46819fd9d4d7cefd8ecd', '2018-09-02 12:58:19', 'be50e868ce4841ebb63bb1694b2413ef');
COMMIT;

-- ----------------------------
--  Table structure for `sys_user_dbsource`
-- ----------------------------
DROP TABLE IF EXISTS `sys_user_dbsource`;
CREATE TABLE `sys_user_dbsource` (
  `id` int(11) NOT NULL AUTO_INCREMENT COMMENT '主键',
  `user_id` varchar(50) NOT NULL DEFAULT '0' COMMENT '用户id',
  `dbsource_id` int(11) NOT NULL DEFAULT '0' COMMENT '数据源id',
  `remark` varchar(100) NOT NULL DEFAULT '' COMMENT '备注',
  `create_date` timestamp NOT NULL DEFAULT CURRENT_TIMESTAMP COMMENT '创建时间',
  `create_by` varchar(100) NOT NULL DEFAULT '' COMMENT '创建人',
  `update_date` timestamp NOT NULL DEFAULT CURRENT_TIMESTAMP COMMENT '更新时间',
  `update_by` varchar(100) NOT NULL DEFAULT '' COMMENT '更新人',
  PRIMARY KEY (`id`),
  UNIQUE KEY `idx_user` (`user_id`) USING BTREE,
  KEY `idx_update` (`update_date`) USING BTREE,
  KEY `idx_user_dbsource` (`user_id`,`dbsource_id`) USING BTREE,
  KEY `idx_dbsource` (`dbsource_id`) USING BTREE
) ENGINE=InnoDB AUTO_INCREMENT=5 DEFAULT CHARSET=utf8mb4;

-- ----------------------------
--  Records of `sys_user_dbsource`
-- ----------------------------
BEGIN;
INSERT INTO `sys_user_dbsource` VALUES ('3', 'be50e868ce4841ebb63bb1694b2413ef', '2', '', '2019-03-01 18:45:25', 'be50e868ce4841ebb63bb1694b2413ef', '2019-03-01 18:45:25', 'be50e868ce4841ebb63bb1694b2413ef'), ('4', '231e7179e1494c25acc6396576096512', '2', '', '2019-03-07 14:04:45', '231e7179e1494c25acc6396576096512', '2019-03-07 14:04:45', '231e7179e1494c25acc6396576096512');
COMMIT;

-- ----------------------------
--  Table structure for `sys_user_namespace`
-- ----------------------------
DROP TABLE IF EXISTS `sys_user_namespace`;
CREATE TABLE `sys_user_namespace` (
  `id` int(11) NOT NULL AUTO_INCREMENT COMMENT '主键',
  `user_id` varchar(64) NOT NULL DEFAULT '' COMMENT '用户id',
  `namespace_id` int(11) NOT NULL DEFAULT '0' COMMENT '命名空间id',
  `remark` varchar(255) NOT NULL DEFAULT '' COMMENT '备注',
  `create_date` datetime NOT NULL DEFAULT CURRENT_TIMESTAMP COMMENT '创建时间',
  `create_by` varchar(100) NOT NULL DEFAULT '' COMMENT '创建人',
  `update_date` datetime NOT NULL DEFAULT CURRENT_TIMESTAMP COMMENT '更新时间',
  `update_by` varchar(100) NOT NULL DEFAULT '' COMMENT '更新人',
  PRIMARY KEY (`id`),
  UNIQUE KEY `idx_user` (`user_id`) USING BTREE,
  KEY `idx_namespace` (`namespace_id`) USING BTREE,
  KEY `idx_update_date` (`update_date`) USING BTREE,
  KEY `idx_user_namespace` (`user_id`,`namespace_id`) USING BTREE
) ENGINE=InnoDB AUTO_INCREMENT=6 DEFAULT CHARSET=utf8mb4 COMMENT='用户命名空间 对应关系';

-- ----------------------------
--  Records of `sys_user_namespace`
-- ----------------------------
BEGIN;
INSERT INTO `sys_user_namespace` VALUES ('3', 'be50e868ce4841ebb63bb1694b2413ef', '1', '', '2018-09-27 13:57:46', 'be50e868ce4841ebb63bb1694b2413ef', '2019-03-09 09:20:46', 'be50e868ce4841ebb63bb1694b2413ef'), ('5', '231e7179e1494c25acc6396576096512', '5', '', '2018-11-30 19:32:02', '231e7179e1494c25acc6396576096512', '2018-11-30 19:32:02', '231e7179e1494c25acc6396576096512');
COMMIT;

-- ----------------------------
--  Table structure for `sys_user_role`
-- ----------------------------
DROP TABLE IF EXISTS `sys_user_role`;
CREATE TABLE `sys_user_role` (
  `id` int(11) NOT NULL AUTO_INCREMENT COMMENT '主键',
  `user_id` varchar(255) NOT NULL DEFAULT '' COMMENT '关联系统用户',
  `role_id` int(11) NOT NULL DEFAULT '0' COMMENT '关联系统角色',
  `remark` varchar(255) NOT NULL DEFAULT '' COMMENT '备注',
  `create_by` varchar(255) NOT NULL DEFAULT '' COMMENT '创建人',
  `create_date` datetime NOT NULL DEFAULT CURRENT_TIMESTAMP COMMENT '创建时间',
  `update_by` varchar(255) NOT NULL DEFAULT '' COMMENT '更新人',
  `update_date` datetime NOT NULL DEFAULT CURRENT_TIMESTAMP COMMENT '更新时间',
  PRIMARY KEY (`id`),
  UNIQUE KEY `idx_user_role` (`user_id`,`role_id`) USING BTREE,
  KEY `idx_user` (`user_id`) USING BTREE,
  KEY `idx_role` (`role_id`) USING BTREE,
  KEY `idx_update_date` (`update_date`) USING BTREE
) ENGINE=InnoDB AUTO_INCREMENT=6 DEFAULT CHARSET=utf8 ROW_FORMAT=DYNAMIC COMMENT='系统用户角色对应表';

-- ----------------------------
--  Records of `sys_user_role`
-- ----------------------------
BEGIN;
INSERT INTO `sys_user_role` VALUES ('1', '231e7179e1494c25acc6396576096512', '5', '', 'be50e868ce4841ebb63bb1694b2413ef', '2018-12-07 12:07:13', 'be50e868ce4841ebb63bb1694b2413ef', '2018-12-07 12:07:13'), ('5', 'be50e868ce4841ebb63bb1694b2413ef', '4', '', 'be50e868ce4841ebb63bb1694b2413ef', '2018-09-02 12:58:19', 'be50e868ce4841ebb63bb1694b2413ef', '2018-09-02 12:58:19');
COMMIT;

-- ----------------------------
--  Table structure for `sys_virtual_table`
-- ----------------------------
DROP TABLE IF EXISTS `sys_virtual_table`;
CREATE TABLE `sys_virtual_table` (
  `id` int(11) NOT NULL AUTO_INCREMENT COMMENT '主键',
  `name` varchar(20) NOT NULL DEFAULT '' COMMENT '表名',
  `comment` varchar(50) NOT NULL DEFAULT '' COMMENT '注释',
  `sys_namespace_id` int(11) NOT NULL DEFAULT '0' COMMENT '关联系统命名空间',
  `sys_dbsource_id` int(11) NOT NULL DEFAULT '0' COMMENT '关联系统数据源',
  `remark` varchar(255) NOT NULL DEFAULT '' COMMENT '备注',
  `create_date` timestamp NOT NULL DEFAULT CURRENT_TIMESTAMP COMMENT '创建时间',
  `update_date` timestamp NOT NULL DEFAULT CURRENT_TIMESTAMP COMMENT '创建时间',
  `create_by` varchar(255) NOT NULL DEFAULT '' COMMENT '创建人',
  `update_by` varchar(255) NOT NULL DEFAULT '' COMMENT '更新人',
  PRIMARY KEY (`id`),
  UNIQUE KEY `idx_unique` (`name`,`sys_dbsource_id`,`sys_namespace_id`) USING BTREE COMMENT '唯一索引'
) ENGINE=InnoDB AUTO_INCREMENT=9 DEFAULT CHARSET=utf8mb4 COMMENT='虚表';

-- ----------------------------
--  Records of `sys_virtual_table`
-- ----------------------------
BEGIN;
INSERT INTO `sys_virtual_table` VALUES ('7', 'sys_test', '测试', '1', '2', '', '2019-01-04 12:09:08', '2019-01-04 12:09:08', 'be50e868ce4841ebb63bb1694b2413ef', 'be50e868ce4841ebb63bb1694b2413ef'), ('8', 'test', '测试', '5', '2', '', '2019-01-16 14:40:21', '2019-01-16 14:40:21', 'be50e868ce4841ebb63bb1694b2413ef', 'be50e868ce4841ebb63bb1694b2413ef');
COMMIT;

-- ----------------------------
--  Table structure for `sys_virtual_table_column`
-- ----------------------------
DROP TABLE IF EXISTS `sys_virtual_table_column`;
CREATE TABLE `sys_virtual_table_column` (
  `id` int(11) NOT NULL AUTO_INCREMENT COMMENT '主键',
  `sys_virtual_table_id` int(11) NOT NULL DEFAULT '0' COMMENT '关联虚表',
  `name` varchar(20) NOT NULL DEFAULT '' COMMENT '列名',
  `type` int(3) NOT NULL DEFAULT '0' COMMENT '类型',
  `length` int(5) NOT NULL DEFAULT '0' COMMENT '长度',
  `decimal_length` int(5) NOT NULL DEFAULT '0' COMMENT '小数',
  `is_not_null` int(1) NOT NULL DEFAULT '0' COMMENT '是否为空',
  `default_value` varchar(20) NOT NULL DEFAULT '' COMMENT '默认值',
  `comment` varchar(20) NOT NULL DEFAULT '' COMMENT '注释',
  `is_key` int(1) NOT NULL DEFAULT '0' COMMENT '是否主键',
  `is_auto` int(1) NOT NULL DEFAULT '0' COMMENT '是否自增',
  `remark` varchar(255) NOT NULL DEFAULT '' COMMENT '备注',
  `create_date` timestamp NOT NULL DEFAULT CURRENT_TIMESTAMP COMMENT '创建时间',
  `update_date` timestamp NOT NULL DEFAULT CURRENT_TIMESTAMP COMMENT '更新时间',
  `create_by` varchar(255) NOT NULL DEFAULT '' COMMENT '创建人',
  `update_by` varchar(255) NOT NULL DEFAULT '' COMMENT '更新人',
  PRIMARY KEY (`id`)
) ENGINE=InnoDB AUTO_INCREMENT=26 DEFAULT CHARSET=utf8mb4 COMMENT='虚表字段';

-- ----------------------------
--  Records of `sys_virtual_table_column`
-- ----------------------------
BEGIN;
INSERT INTO `sys_virtual_table_column` VALUES ('3', '9', 'id', '2', '11', '0', '1', '', '主键', '1', '1', '', '2019-01-04 12:48:25', '2019-01-04 12:48:25', 'be50e868ce4841ebb63bb1694b2413ef', 'be50e868ce4841ebb63bb1694b2413ef'), ('4', '9', 'name', '5', '255', '0', '1', '', '名称', '0', '0', '', '2019-01-04 12:48:25', '2019-01-04 12:48:25', 'be50e868ce4841ebb63bb1694b2413ef', 'be50e868ce4841ebb63bb1694b2413ef'), ('7', '10', '测试', '5', '0', '0', '0', '', '的', '0', '0', '', '2019-01-05 15:10:29', '2019-01-05 15:10:29', 'be50e868ce4841ebb63bb1694b2413ef', 'be50e868ce4841ebb63bb1694b2413ef'), ('22', '8', 'id', '2', '11', '0', '1', '', '主键', '1', '1', '', '2019-01-16 14:40:21', '2019-01-16 14:40:21', 'be50e868ce4841ebb63bb1694b2413ef', 'be50e868ce4841ebb63bb1694b2413ef'), ('23', '8', 'test', '2', '1', '0', '1', '', '测试', '0', '0', '', '2019-01-16 14:40:21', '2019-01-16 14:40:21', 'be50e868ce4841ebb63bb1694b2413ef', 'be50e868ce4841ebb63bb1694b2413ef'), ('24', '7', 'id', '5', '255', '0', '1', '', '主键', '1', '1', '', '2019-01-04 12:09:08', '2019-01-04 12:09:08', 'be50e868ce4841ebb63bb1694b2413ef', 'be50e868ce4841ebb63bb1694b2413ef'), ('25', '7', 'name', '2', '0', '0', '1', '', '名称', '0', '0', '', '2019-01-04 12:09:08', '2019-01-04 12:09:08', 'be50e868ce4841ebb63bb1694b2413ef', 'be50e868ce4841ebb63bb1694b2413ef');
COMMIT;

SET FOREIGN_KEY_CHECKS = 1;
