<?xml version="1.0" encoding="utf-8"?>
<template>
	<name>dict2</name>
	<filePath>dict2.${packageName}</filePath>
	<fileName>${data._name?cap_first}EnumUtils.java</fileName>
	<content><![CDATA[
    <#assign moduleParams="${moduleParams}"?eval />
    <#assign params="${params}"?eval />
    <#assign nodeData="${data._nodes}"?eval />
    
package ${packageName};

/**
 *  ${nodeData[0].description}枚举类
 *  @author ${params.author}
 *  @version ${moduleParams.version}
 */
public enum ${data._name?cap_first}EnumUtils {

    <#list nodeData as c>  
    ${c.label?upper_case}(${c.value},"${c.name}"),
    </#list>

    public final int code;
	public final String msg;

	private ${data._name?upper_case}EnumUtils(int code, String msg) {
		this.code = code;
		this.msg = msg;
	}

	
	public int getCode() {
		return this.code;
	}

	
	public String getMsg() {
		return this.msg;
	}
	
}

]]>
	</content>
</template>